,Company,ESP,Estimate_eps,Estimate_sales,Reported_eps,Reported_sales,cap,symbol,timing,before,after,close,spy_before,spy_after,cons,beta,r2,dev,macd_before,macd_after
2020-07-28,Pfizer Inc.,+0.14,0.64,11876.0,0.78,11801.0,209195.0,PFE,bmo,37.54,38.49,,322.96,320.95,0.0003676581965714209,0.707240784737634,0.5040057282856433,-0.5939987965921973,0.3853109424292376,0.3986270174712352
2020-07-28,Trico Bancshare...,-0.25,0.5,76.5,0.25,76.32,866.0,TCBK,bmo,28.48,28.11,,322.96,320.95,0.001615982334568059,1.118861920586352,0.5752155260075691,-0.9418981528858107,-0.0544432485371594,0.009291579489176804
2020-07-28,Sify Technologi...,--,0.01,88.0,,69.68,44.0,SIFY,bmo,1.16,1.18,,322.96,320.95,0.002060630666515961,0.8842875968991959,0.16633609752066103,-0.1765482658718427,0.024075791407419507,0.027915296842034386
2020-07-28,Provident Finan...,-0.02,0.23,10.65,0.21,9.3,90.0,PROV,bmo,12.05,12.52,,322.96,320.95,0.0028451587981562013,1.0983828633370825,0.3862245100870084,-0.2584769646002673,0.024707512971728685,-0.004421586579063497
2020-07-28,Ardmore Shippin...,+0.04,0.37,54.67,0.41,47.06,137.0,ASC,bmo,4.22,4.18,,322.96,320.95,0.0035913100023151267,1.2196694782636874,0.2646934798201178,-0.2969202173423637,0.039433753241354674,0.031042970135614134
2020-07-28,Exagen Inc.,+0.50,-0.77,4.82,-0.27,8.95,144.0,XGN,bmo,11.0,11.0,,322.96,320.95,0.0053450437634797645,1.7840480753360666,0.2672195742915191,-0.5410471088730795,0.026901843235394296,0.057399134660018114
2020-07-28,Sequans Communi...,-0.09,-0.19,12.0,-0.28,12.23,163.0,SQNS,bmo,7.11,7.11,,322.96,320.95,-0.0030264268656336408,0.967470832788428,0.06457317669407159,-0.2723807041920297,-0.044580417482380785,-0.048615669789210836
2020-07-28,"Home Bancorp, I...",-0.26,0.55,25.46,0.29,25.52,232.0,HBCP,bmo,25.25,24.88,,322.96,320.95,0.002446759636966979,1.3641121851057405,0.48072652397170523,-0.3585884772815642,-0.07886624742307806,-0.048983247104120636
2020-07-28,Cambridge Banco...,+0.44,0.88,36.9,1.32,37.76,290.0,CATC,bmo,52.2,52.25,,322.96,320.95,0.0021653388798876026,1.067015733546834,0.4666164880650452,-0.420002638415453,-0.2826879118283757,-0.23446687279027514
2020-07-28,Independent Ban...,+0.45,0.22,46.45,0.67,50.83,293.0,IBCP,bmo,13.07,13.32,,322.96,320.95,0.003117467459341324,1.3402266114245855,0.31672083115973115,-0.3506622317354457,0.018253281347091754,0.010030716050480254
2020-07-28,"Altria Group, I...",+0.03,1.06,5074.37,1.09,5062.0,77773.0,MO,bmo,42.13,42.86,,322.96,320.95,0.0008864791632762954,0.7380440820517542,0.455637025939288,-0.47583928431098194,0.19494527431507214,0.15312854900711848
2020-07-28,Mcdonalds Corpo...,-0.10,0.76,3697.61,0.66,3761.5,147759.0,MCD,bmo,201.25,199.26,,322.96,320.95,0.0006340519516082981,0.9876926836979757,0.6571472427734777,1.1191670152253983,1.2620581453515958,1.4100214014539378
2020-07-28,Arch Coal Inc.,-0.04,-3.22,266.0,-3.26,319.52,463.0,ARCH,bmo,30.02,30.02,,322.96,320.95,0.005545462206780687,1.014061081068602,0.20746731542368257,0.14171946015494363,0.31859049813294393,0.3093532336338546
2020-07-28,"Neogenomics, In...",+0.05,-0.09,86.11,-0.04,86.98,3791.0,NEO,bmo,36.82,36.35,,322.96,320.95,-0.000818702186876517,1.2523268942767332,0.44225725414779893,-0.7058095366295503,-0.19732775361223043,-0.1407086087781153
2020-07-28,Zebra Technolog...,+0.13,2.28,940.52,2.41,956.0,14334.0,ZBRA,bmo,273.34,284.68,,322.96,320.95,-0.0003193692628363988,1.172153246961204,0.6210488080860324,0.16905088745574037,1.1476780708203984,0.6414025386935753
2020-07-28,Corning Incorpo...,+0.14,0.11,2379.35,0.25,2588.0,22288.0,GLW,bmo,30.63,30.5,,322.96,320.95,0.0008480047203566459,1.338658692940138,0.7653584236913188,1.8593692247395255,0.19368866812070729,0.19842846921732105
2020-07-28,Cummins Inc.,+1.10,0.85,3568.79,1.95,3852.0,27770.0,CMI,bmo,190.96,196.0,,322.96,320.95,-0.00012168954916821196,0.9706445948508435,0.5830013295665569,0.13611698850522796,1.3014223668481142,1.0782227199623717
2020-07-28,Huntsman Corpor...,+0.06,-0.2,1088.75,-0.14,1247.0,4261.0,HUN,bmo,19.83,19.83,,322.96,320.95,0.0009780277460579585,1.3166268218452948,0.5685178859889559,0.9028141473618537,0.12468545304035722,0.12729311924819403
2020-07-28,Centene Corpora...,-0.01,2.41,27381.98,2.4,27712.0,39097.0,CNC,bmo,67.27,66.28,,322.96,320.95,-0.0003096623422979796,1.1413658841922745,0.5224774934051417,-0.21896455854576585,0.20318711299438708,0.30381092850471936
2020-07-28,3m Company,+0.01,1.77,7268.52,1.78,7176.0,91939.0,MMM,bmo,163.24,156.3,,322.96,320.95,0.000745594515608897,0.8834790344952055,0.6064845828136702,0.7383774601687161,0.16244444368083122,0.5027118669239343
2020-07-28,Invesco Ltd.,-0.07,0.42,1488.0,0.35,1419.0,4791.0,IVZ,bmo,10.71,10.59,,322.96,320.95,0.003611804616995579,1.7329181959699382,0.610826360143831,0.004806196205598751,-0.04189989060758148,-0.04375735643610504
2020-07-28,M.d.c. Holdings...,+0.49,0.82,803.03,1.31,919.72,2540.0,MDC,bmo,43.0,43.87,,322.96,320.95,0.0009448571908584722,1.6921485797159421,0.5211427989134052,0.46111388747750653,0.404078411487403,0.3239671489042506
2020-07-28,Franklin Electr...,+0.07,0.47,299.37,0.54,308.28,2467.0,FELE,bmo,54.13,56.61,,322.96,320.95,5.795623311065056e-05,1.1421804877398993,0.55808132113839,-1.056601791802999,0.4299878989841335,0.2845459390409338
2020-07-28,"Barnes Group, I...",+0.07,0.2,242.73,0.27,235.54,1904.0,B,bmo,37.9,37.9,,322.96,320.95,0.0024070782613974367,1.7445310662778621,0.6195411751754486,-1.0512229286215753,-0.06438974799052527,-0.047406697806933226
2020-07-28,Independent Ban...,--,0.85,141.77,,,1840.0,IBTX,bmo,43.35,42.06,,322.96,320.95,0.0022468117190530563,1.5809785763529243,0.5353227459741046,-0.3687247456938984,0.21141127258703407,0.27827431711025585
2020-07-28,Commvault Syste...,+0.32,0.19,152.83,0.51,173.0,1757.0,CVLT,bmo,39.195,45.77,,322.96,320.95,0.0011285757712260437,0.8147398576148426,0.33858094141236383,-0.11195692619409188,0.5478154713267597,0.10439150418671483
2020-07-28,Flagstar Bancor...,+0.65,1.38,403.04,2.03,546.0,1653.0,FBC,bmo,28.82,29.78,,322.96,320.95,0.0015508103217830535,1.2874847682252495,0.47569015569997475,0.5684803076947875,0.14244890778783578,0.10684623285082512
2020-07-28,"Shutterstock, I...",+0.37,0.25,149.3,0.62,159.23,1486.0,SSTK,bmo,43.4,43.4,,322.96,320.95,0.00010227958289780862,0.6091592346930037,0.19654687140964378,2.0011598656665104,0.6664142225456837,0.6123327623883139
2020-07-28,Site Centers Co...,+0.01,0.2,99.82,0.21,98.26,1337.0,SITC,bmo,7.03,6.81,,322.96,320.95,0.004302476892023151,1.6746984223297194,0.43291424415240254,-0.28470880046606734,-0.08067805525275853,-0.07616779924883954
2020-07-28,Pjt Partners In...,+0.41,0.59,169.7,1.0,232.56,1285.0,PJT,bmo,53.23,53.99,,322.96,320.95,-0.00033722537921966004,1.318944612467815,0.5339479327157103,1.221865166783078,0.3758164443857773,0.3719708251978569
2020-07-28,First Bancorp.,+0.04,0.06,155.54,0.1,156.1,1265.0,FBP,bmo,5.65,5.65,,322.96,320.95,0.003645325483090502,1.721147127364675,0.6002232931344101,-0.9198857280165682,0.048499707830885766,0.05856327314129392
2020-07-28,Amalgamated Ban...,+0.09,0.25,50.15,0.34,53.11,355.0,AMAL,bmo,11.31,11.95,,322.96,320.95,0.002543543998597223,1.1534106403072033,0.37384081073589615,-0.5062190991448116,0.032083924630570845,-0.016165088546380116
2020-07-28,"Cowen Group, In...",+0.35,5.15,523.9,5.5,369.54,487.0,COWN,bmo,17.81,18.67,,322.96,320.95,0.0008569347445694464,1.3418383565705654,0.5373045498465192,0.6959305379207514,0.019558682561167884,-0.02776245232821206
2020-07-28,Camden National...,0.00,0.73,43.96,0.73,46.6,503.0,CAC,bmo,32.9,32.01,,322.96,320.95,0.001789636151184715,1.1286199716218255,0.4681420992970856,-0.9702204554357433,-0.15646880423012616,-0.0515438679519693
2020-07-28,Turning Point B...,+0.17,0.54,100.0,0.71,104.96,578.0,TPB,bmo,30.38,30.38,,322.96,320.95,0.002112449895130376,1.0122339574235912,0.27918619688646007,-0.2381966420643011,0.17940135961472858,0.2265635327165565
2020-07-28,Lamb Weston Hol...,-0.13,0.12,845.33,-0.01,846.9,9900.0,LW,bmo,70.5,70.5,,322.96,320.95,0.0006123311767449491,1.1492504121636575,0.49054289258376116,1.4276980120308143,0.5548010954282536,0.5084972576030987
2020-07-28,Waddell  Reed F...,+0.04,0.34,251.67,0.38,240.03,977.0,WDR,bmo,15.23,15.23,,322.96,320.95,0.0011105259973447923,0.9734386654656351,0.5311095747374222,-0.17556263094695657,-0.05611364158913086,-0.06830177508131599
2020-07-28,"Proto Labs, Inc...",+0.16,0.43,103.66,0.59,106.58,3456.0,PRLB,bmo,137.93,137.93,,322.96,320.95,-0.00025728951210879234,1.0434684397010152,0.43303485268399833,1.1734771247012754,2.4812587884420596,2.3618721169044474
2020-07-28,Roper Technolog...,+0.27,2.67,1256.6,2.94,1305.0,43353.0,ROP,bmo,420.7,420.7,,322.96,320.95,-0.00014359486725476083,0.9976888836418297,0.6997850677252984,-0.17771934331089637,1.581105707666958,1.7703634368084762
2020-07-28,Sp Global Inc.,+0.64,2.76,1806.48,3.4,1943.0,84322.0,SPGI,bmo,351.32,351.01,,322.96,320.95,-0.0010054014888445527,1.160616483705393,0.6892512775062234,-0.03821403534828633,-1.1975206784237873,-1.0260169491524582
2020-07-28,Audiocodes Ltd....,+0.05,0.27,53.13,0.32,53.52,1222.0,AUDC,bmo,44.76,41.39,,322.96,320.95,-0.0021981560416385318,0.9153676656626109,0.23756953114605484,1.9696916337789523,0.9516732901404283,1.1989802841574007
2020-07-28,Laboratory Corp...,+1.79,0.78,2422.99,2.57,2768.8,19318.0,LH,bmo,201.3,203.95,,322.96,320.95,-3.4769595109744394e-05,1.2509168725730624,0.6398019869392726,0.14927132116821293,1.7586722456637665,1.8878838141876502
2020-07-28,Polaris Inc.,+0.70,0.6,1351.85,1.3,1511.8,5846.0,PII,bmo,97.97,103.84,,322.96,320.95,0.00092225775206689,1.5994549184698283,0.6224101267961308,2.2968473756068484,0.18706703886697928,-0.23688649640475745
2020-07-28,Oxford Square C...,--,,,0.09,8.26,137.0,OXSQ,bmo,2.71,2.72,,322.96,320.95,0.004780309408437288,1.3479195322717274,0.3184271487854893,-0.43294752689782473,-0.007606641873809536,-0.007861386819531815
2020-07-28,Martin Marietta...,+0.45,3.04,1147.8,3.49,1189.5,13920.0,MLM,bmo,228.0,216.51,,322.96,320.95,0.0009724926775207457,1.1312557700044215,0.5232330411000718,1.1460995559108518,-0.17595199442698028,0.5796011274297905
2020-07-28,New Oriental Ed...,-0.04,0.34,,0.3,798.47,21871.0,EDU,bmo,139.75,137.45,,322.96,320.95,-0.0006812132977498767,0.6765890143156663,0.26050931129279875,-0.04750280154325213,-1.2909123108351697,-1.1026746162980943
2020-07-28,Omnicom Group I...,+0.09,0.83,2903.3,0.92,2800.7,12120.0,OMC,bmo,57.01,52.87,,322.96,320.95,0.0018707863821303171,1.0381137393508397,0.6255419394225947,0.7224872624308879,0.03222949296499174,0.27946197214027757
2020-07-28,Westinghouse Ai...,+0.10,0.77,1808.77,0.87,1737.4,11773.0,WAB,bmo,62.01,63.36,,322.96,320.95,0.0015526441350046023,1.2049726223428836,0.5422671858447874,-0.24580861503553716,0.4281109025116333,0.3687460768440043
2020-07-28,Waters Corporat...,+0.57,1.53,519.41,2.1,519.98,13809.0,WAT,bmo,227.45,225.55,,322.96,320.95,0.0001700259720161596,0.9029511278670025,0.5835150876285164,-0.5201332120035911,2.0468973623042803,2.6468687691771384
2020-07-28,Nissan Motor Co...,+0.78,-1.8,9378.25,-1.02,10917.66,16514.0,NSANY,bmo,8.11,8.11,,322.96,320.95,0.0025263646092675385,0.7988028147065751,0.3725065856263601,-0.915750834000049,0.05428572762798062,0.051962814427948076
2020-07-28,Transunion,+0.17,0.49,597.45,0.66,634.4,16959.0,TRU,bmo,89.39,89.22,,322.96,320.95,0.00012733830529871508,1.1191949667221182,0.6851006068356409,1.1316207661460003,0.3852944196852257,0.4597088779147632
2020-07-28,"Canon, Inc.",-0.10,0.02,6957.41,-0.08,6234.4,20926.0,CAJ,bmo,19.81,18.83,,322.96,320.95,0.001560837663773991,0.6388983374336425,0.47719155431238114,-0.0252018941586856,-0.03476582082640761,0.028015051951108566
2020-07-28,Otis Worldwide...,+0.13,0.43,2966.94,0.56,3029.0,25175.0,OTIS,bmo,58.32,60.12,,322.96,320.95,-0.00020597035248111554,0.6801595721221719,0.18806134433747224,-0.28433647608461093,0.07249066766224366,-0.016282660317648356
2020-07-28,Hoya Corp.,-0.47,1.11,1023.15,0.64,1057.4,36991.0,HOCPY,bmo,100.37,100.37,,322.96,320.95,-0.0006145953208086512,0.5178112610608334,0.23498088796868455,-0.21699680758263437,-0.24052474325114348,-0.31139305255273864
2020-07-28,Tokyo Electron...,+0.25,0.6,2435.19,0.85,2927.22,42648.0,TOELY,bmo,69.15,69.15,,322.96,320.95,-0.0014955778181728985,0.8100160220061668,0.45375681148540714,1.5154417314990094,-0.3903187544343405,-0.38756390886288994
2020-07-28,Shinetsu Chemic...,--,,3324.07,0.39,3341.13,52749.0,SHECY,bmo,31.94,31.94,,322.96,320.95,-0.0004951391441005951,0.7640039791014677,0.5314139961444888,-0.10774821168266933,0.18226052519723324,0.17201808937155127
2020-07-28,The Sherwinwill...,+1.41,5.69,4556.24,7.1,4604.0,56298.0,SHW,bmo,625.52,652.17,,322.96,320.95,-0.0003377948738601526,1.0357603686459318,0.6374047210491852,2.8865351127059276,4.372022065367222,2.967806851680285
2020-07-28,Raytheon Techno...,+0.30,0.1,13982.85,0.4,14061.0,53763.0,RTX,bmo,61.09,61.64,,322.96,320.95,0.004466309343191379,1.3517640289816315,0.25322205917676566,0.27376432881641527,0.17407399530579437,0.22204091815086946
2020-07-28,Iridium Communi...,+0.05,-0.14,135.68,-0.09,140.17,3517.0,IRDM,bmo,27.35,27.94,,322.96,320.95,0.0006837624386710592,1.292996174949598,0.5021153555025522,0.14963336270811892,0.0474696435181996,-0.017686263060087026
2020-07-28,Armstrong World...,-0.16,0.91,219.67,0.75,203.2,3830.0,AWI,bmo,81.58,81.58,,322.96,320.95,0.0013501736298486082,1.1904861973772891,0.6543467012111742,0.29869238220911437,0.5304745789904481,0.5226039308592629
2020-07-28,Ecolab Inc.,-0.18,0.83,2842.07,0.65,2685.7,60750.0,ECL,bmo,212.04,205.49,,322.96,320.95,0.0003720356198847875,1.1150465202678435,0.6744186676769612,-0.6753636098947532,0.4883072848711023,0.9677698953844409
2020-07-28,Sensata Technol...,+0.02,0.16,583.52,0.18,576.51,6352.0,ST,bmo,41.77,40.01,,322.96,320.95,0.0012456033151413077,1.2181627364888505,0.5808296403791198,1.5167612812806173,0.2082284476916667,0.33835282694617397
2020-07-28,Dte Energy Comp...,+0.22,1.31,2903.79,1.53,-999.0,22068.0,DTE,bmo,114.01,111.11,,322.96,320.95,0.0009237768452767597,1.1618119605234436,0.6790838870093525,-0.5861724722469488,0.3250470204300231,0.5936808075063635
2020-07-28,Rockwell Automa...,+0.14,1.13,1389.85,1.27,1394.0,26198.0,ROK,bmo,229.0,229.0,,322.96,320.95,-0.000701856305544433,1.1904319337898654,0.6154664381505707,0.22044744560591475,0.834588481528761,0.9246498313126077
2020-07-28,Franklin Resour...,+0.17,0.53,,0.7,1188.1,10203.0,BEN,bmo,21.02,20.65,,322.96,320.95,0.002558736042232912,1.1281749149551283,0.542313344671034,0.3005182895389585,-0.04756314182911094,-0.036991187046735124
2020-07-28,"D.r. Horton, In...",+0.45,1.27,5027.07,1.72,5390.0,23176.0,DHI,bmo,66.57,68.59,,322.96,320.95,-0.0005891324360773456,1.2373195300222628,0.5284649347272397,0.021901799070153966,0.6368512678661569,0.5097111614626213
2020-07-28,Msci Inc,+0.07,1.7,411.87,1.77,409.62,32239.0,MSCI,bmo,394.0,397.51,,322.96,320.95,-0.0015436934808294913,1.1721412781657867,0.5883451058459789,-0.9643271795238116,1.3289502816855556,1.3201335111942392
2020-07-28,Jetblue Airways...,-0.16,-1.86,220.1,-2.02,215.0,2775.0,JBLU,bmo,10.225,10.07,,322.96,320.95,0.0038610118384503934,1.2423884205201838,0.28049167911345674,-1.4373031864796142,-0.055493511890764596,-0.03877767254235687
2020-07-28,Asbury Automoti...,+0.05,2.47,1405.75,2.52,1445.1,2016.0,ABG,bmo,108.77,108.77,,322.96,320.95,0.0005197499856290093,1.4238860965063722,0.4724945247066542,0.983483240682236,1.002156421603578,1.1254915724470846
2020-07-28,"Harleydavidson,...",-0.66,0.06,798.14,-0.6,669.27,4453.0,HOG,bmo,29.28,27.61,,322.96,320.95,0.0018794493065934963,1.6024076493179207,0.5498115768988949,-0.4155902549320943,0.03004722614849098,0.17418289784465157
2020-07-28,Yandex N.v.,+0.04,0.05,594.73,0.09,591.9,18256.0,YNDX,bmo,57.89,55.43,,322.96,320.95,-0.0009833165652756697,1.0033677805890995,0.47862744729804996,-0.4815527428682713,-0.03543822059941215,0.13494758448525968
2020-07-27,Aerojet Rocketd...,,0.43,501.04,0.47,512.4,2928.0,AJRD,amc,36.81,41.44,,322.96,320.95,0.0011771148339847506,1.1107399761026882,0.5281565539107798,-0.7846832096605217,0.4198092406580305,0.15882984443665882
2020-07-27,Encompass Healt...,,0.39,1062.1,0.31,1074.1,6565.0,EHC,amc,66.78,70.49,,322.96,320.95,0.00033313265668067726,0.9964189852460792,0.5997946668215594,0.4393281739762349,0.8948608662972568,0.6985381906086028
2020-07-27,"Brown  Brown, I...",,0.29,574.69,0.34,598.8,12867.0,BRO,amc,45.49,46.2,,322.96,320.95,-0.0005642790999447248,0.9418396182335671,0.6969608172698845,-0.8874460291345041,0.35349747724017466,0.34663992177160896
2020-07-27,Ryanair Holding...,,-1.45,138.6,-0.93,137.83,16557.0,RYAAY,bmo,73.56,69.73,73.0,322.96,320.95,0.00010839960990244974,1.0562383199510148,0.3823026336076647,2.8784715169699924,0.32947067768091187,0.6230342050388501
2020-07-27,Ucb Sa,,,,,,24965.0,UCBJF,bmo,128.35,128.35,128.35,322.96,320.95,-0.002051472172534786,0.034380055802261,0.00042653426943639605,0.2614581572883937,-0.35421894855365643,-0.29599973210533914
2020-07-27,"Legg Mason, Inc...",,0.71,692.32,0.71,666.19,4446.0,LM,bmo,49.98,50.0,49.99,322.96,320.95,-0.0008612301269207912,0.283083575815613,0.11050742723106566,-1.2683237698503114,0.01766503256969413,0.01952648816770812
2020-07-27,Hexcel Corporat...,,0.2,343.57,0.08,378.7,3811.0,HXL,amc,44.65,41.69,,322.96,320.95,0.003441765542213961,1.42463592252656,0.44558692679412826,-0.11190759364475814,-0.30637212127090163,-0.05999796137108737
2020-07-27,Affiliated Mana...,,2.7,464.03,2.74,471.1,3318.0,AMG,bmo,70.23,70.34,71.52,322.96,320.95,0.0015617903685295254,1.4041431559761774,0.6351854796161225,0.40260617353681294,-0.220401929452888,-0.18082366059031016
2020-07-27,Avery Dennison...,,1.12,1512.32,1.27,1528.5,10035.0,AVY,bmo,120.41,120.46,115.86,322.96,320.95,0.00032348269508265305,1.0548044228142266,0.5819877489587586,2.5654818327158933,0.4361293333228651,0.5592702266262224
2020-07-27,Universal Healt...,,0.52,2428.44,2.93,2729.75,9179.0,UHS,amc,109.37,111.26,,322.96,320.95,0.002246905325485679,1.4578000367903583,0.581377291491272,0.5362892634206254,2.154000564076916,2.117760399219798
2020-07-27,"Usa Truck, Inc....",,-0.09,117.4,-0.06,123.74,76.0,USAK,amc,8.74,8.8,,322.96,320.95,0.001507019478659627,1.3297937622558234,0.21922646575159122,2.7049922567622184,-0.03774948548636853,-0.029701311081781978
2020-07-27,Koppers Holding...,,0.73,415.0,1.27,436.6,430.0,KOP,bmo,20.51,22.87,25.07,322.96,320.95,0.0030724703195646632,2.0860673648173655,0.49797229466664295,-1.1739954733216496,0.24159929583300288,0.1399244159252352
2020-07-27,Amkor Technolog...,,-0.02,1050.38,0.23,1172.91,2912.0,AMKR,amc,13.64,15.43,,322.96,320.95,0.00043951667628497923,1.5710010096912352,0.4384708565165786,4.1467124491595255,0.20763174180091098,0.042619165813252924
2020-07-27,Alexandria Real...,,1.81,,1.81,436.96,21257.0,ARE,amc,170.36,170.67,,322.96,320.95,-0.00013639468251420658,1.044667332615121,0.6926129953480746,-0.48022158734751497,0.4802311433683437,0.4313342900902708
2020-07-27,Nitto Denko Cor...,,,1532.41,0.37,1518.46,9170.0,NDEKY,bmo,29.23,31.13,30.05,322.96,320.95,-0.0004618963395562734,0.7737249932248969,0.5208341505387535,-0.17223380032246227,0.2073712434315973,0.09138351545838852
2020-07-27,Vermilion Energ...,,-0.62,153.53,-0.33,139.24,741.0,VET,bmo,4.72,4.72,4.72,322.96,320.95,0.007770424842565655,2.2850151139880657,0.390134656711578,-1.250628755206276,0.07118902733391966,0.07821085366094266
2020-07-27,Comfort Systems...,,0.32,693.4,1.08,743.47,1498.0,FIX,amc,43.01,43.01,,322.96,320.95,0.000952382194067546,1.4137808279168702,0.5967336408248609,0.40893027868732135,0.1426308960847965,0.11509592557990844
2020-07-27,Alliance Resour...,,-0.45,198.0,-0.37,255.2,431.0,ARLP,bmo,3.39,3.44,3.42,322.96,320.95,0.008884298561903554,1.7430150406460498,0.3081070657392101,-0.34705034366767595,0.03166553836123291,0.019922983754701556
2020-07-27,"F5 Networks, In...",,2.05,572.01,2.18,583.25,9263.0,FFIV,amc,151.24,144.61,,322.96,320.95,0.00027775573044691733,0.8027613765291972,0.46102580382072145,0.8778031685324642,0.2068905495652773,0.9277508460796065
2020-07-27,Sap Se,,1.28,7296.24,1.29,7423.38,189329.0,SAP,bmo,158.62,162.28,164.87,322.96,320.95,-0.0006055948175282312,0.9051053056697126,0.660341823026322,0.321519070491422,0.20408606961039322,0.3156568654711176
2020-07-27,"Hasbro, Inc.",,0.19,976.04,0.02,860.28,10631.0,HAS,bmo,77.59,75.0365,71.84,322.96,320.95,0.0026166134259732517,1.1990950723882872,0.48604587644978725,0.5075242329542778,0.08542447435526945,0.3829451398716617
2020-07-27,Martin Midstrea...,,-0.13,,-0.06,140.64,95.0,MMLP,amc,2.4,2.3,,322.96,320.95,0.006692425994972478,1.2534226880674755,0.11340315478453655,-0.009606253367120416,0.08572212348207023,0.09520093816514882
2020-07-27,Cemex S.a.b. De...,,,,0.01,2911.55,4162.0,CX,bmo,2.83,2.95,3.17,322.96,320.95,0.00198872149848714,1.4345078116014882,0.47840342149449877,-1.0353614510028775,0.001238378334701612,-0.006859050761639653
2020-07-27,National Oilwel...,,-0.11,1535.88,-0.07,1496.0,4946.0,NOV,amc,12.99,12.52,,322.96,320.95,0.0038419484254595547,1.8072765695437027,0.49753157542374193,0.8403586919512479,0.1876239620671247,0.20790269945164455
2020-07-27,Cincinnati Fina...,,0.41,1640.6,0.44,1654.0,13384.0,CINF,amc,82.45,83.0,,322.96,320.95,0.0016074353687176705,1.2659855681529555,0.5985291649619627,-0.4979044049756997,0.9368279276277924,1.0797116652015726
2020-07-27,Crane Company,,0.47,611.9,0.64,677.9,3512.0,CR,amc,61.41,61.41,,322.96,320.95,0.0020371345105509343,1.4362786350880372,0.7198884451878145,-0.39712380844971773,0.30021093478773464,0.3248082129308377
2020-07-27,Eqt Corporation...,,-0.15,802.77,-0.18,816.24,3621.0,EQT,bmo,14.17,13.26,13.41,322.96,320.95,0.0012851241427517903,0.7321055153399882,0.08616556080464599,-0.14898248924308752,0.15051933849421473,0.19319889578213195
2020-07-27,Vocera Communic...,,-0.07,40.04,0.1,47.35,743.0,VCRA,amc,23.43,29.55,,322.96,320.95,0.0010290259580735225,0.4372175753898801,0.07319858558252679,1.7064352121419837,0.4776622664572242,0.12192943369106835
2020-07-27,Principal Finan...,,1.31,3831.6,1.46,3181.1,12261.0,PFG,amc,44.71,46.09,,322.96,320.95,0.0019784376859896084,1.5856591637789141,0.7104334351976581,-0.34290238806225104,0.198357953159774,0.16130373281599464
2020-07-27,Heidrick  Strug...,,0.13,122.55,0.37,145.6,403.0,HSII,amc,20.31,21.0,,322.96,320.95,0.0019371927707299598,0.7538809167369596,0.25632123310626675,1.1302665920844113,0.05599752087331772,0.053498687911202825
2020-07-27,Medpace Holding...,,0.42,180.62,0.68,205.0,3743.0,MEDP,amc,112.32,132.91,,322.96,320.95,-0.0004742351200648894,1.2618785459205406,0.5651086865117572,0.7040302434716156,2.0776790864432693,0.7837254960817477
2020-07-27,Rpm Internation...,,1.01,1446.3,1.13,1458.96,10341.0,RPM,bmo,79.69,79.99,80.92,322.96,320.95,-0.00021175323690753674,1.0458824178003696,0.6005350185978406,0.49684410123334194,0.31332265172005447,0.268572895901937
2020-07-27,Cathay General...,,0.55,144.33,0.68,150.08,2022.0,CATY,amc,24.89,26.07,,322.96,320.95,0.0023071122307733115,1.480131618466431,0.6844138487617444,-0.12625592605542593,0.1812400969241278,0.1287409792004861
2020-07-27,Albertsons Comp...,,1.33,22834.7,1.35,22751.6,7717.0,ACI,bmo,16.11,16.04,15.24,322.96,320.95,0.013188456170818087,2.354548237017871,0.17034036200797975,-0.2971501517489324,-0.3378510005774915,-0.30454933886496427
2020-07-27,"Qcr Holdings, I...",,0.64,54.81,0.88,69.57,458.0,QCRH,amc,28.5,29.95,,322.96,320.95,0.0019915500707545154,1.451175243672309,0.6038976289532789,-0.1863759671953457,0.18342857457474054,0.10270217265811399
2020-07-27,Franklin Financ...,,,,0.7,40.08,401.0,FSB,bmo,26.89,26.67,25.73,322.96,320.95,0.001310529199429751,1.4321371022361773,0.42577293598017674,0.6290808749352891,0.25425077263269535,0.2538376658013376
2020-07-27,"Donegal Group,...",,0.26,195.7,0.61,192.41,397.0,DGICA,amc,13.79,14.2,,322.96,320.95,0.0007267943329395437,0.870328499435657,0.4677065896891046,-0.16978764430728954,0.0568878284337986,0.030062786141275916
2020-07-27,Waterstone Fina...,,0.36,59.1,0.85,80.15,365.0,WSBF,amc,13.79,14.0,,322.96,320.95,0.0010556769658850759,0.668001562810914,0.3754612627965995,-0.5123635839715821,0.030665038807051598,0.029684254101421337
2020-07-27,"Hbt Financial,...",,0.26,37.0,0.3,36.97,336.0,HBT,bmo,12.23,12.39,12.34,322.96,320.95,0.0022500820411693497,1.148676418115014,0.3920737855838534,-0.5229743788222625,0.03546780073189609,0.026025195421451403
2020-07-27,Rbb Bancorp,,0.28,27.4,0.33,27.24,261.0,RBB,amc,12.86,12.92,,322.96,320.95,0.0023554294361746828,1.2455311286299167,0.5811728891352475,-0.6602921625286988,-0.017698775514961275,-0.008162455832860144
2020-07-27,Silvergate Capi...,,0.16,20.2,0.29,21.49,259.0,SI,bmo,13.9,14.23,14.15,322.96,320.95,0.0010754300464223651,1.5614914450087496,0.3899447613930732,-0.46665580912369803,0.11676242128583667,0.09740846633819925
2020-07-27,Hooker Furnitur...,,,,-0.09,104.6,248.0,HOFT,bmo,20.92,20.96,20.97,322.96,320.95,0.0006313754038694909,1.0085953566750339,0.35792826196523087,-0.034917505214839585,-0.06596813536506674,-0.016578977958276786
2020-07-27,Hometrust Bancs...,,0.21,32.1,0.22,31.91,246.0,HTBI,amc,14.16,14.25,,322.96,320.95,0.0031959724854847323,1.1481946968103771,0.3591189468287749,-0.6160285340410908,0.01186541511579925,0.005600642211127493
2020-07-27,Southern Nation...,,0.35,25.2,0.19,30.87,214.0,SONA,amc,8.47,8.56,,322.96,320.95,0.0033634173659760807,1.449493828442568,0.47653867425495655,-0.5780712008363804,0.00392462936544144,0.012878926669245006
2020-07-27,Southern Missou...,,0.52,23.69,0.76,26.85,200.0,SMBC,amc,21.25,21.56,,322.96,320.95,0.0028859904388809526,1.2133742322837864,0.3756087797032406,-0.16998728473788582,-0.004794042352049832,-0.012623895882620695
2020-07-27,Hitachi Constr,,0.39,1601.85,0.02,1582.12,6389.0,HTCMY,bmo,59.4,62.19,61.13,322.96,320.95,-0.00015066139626268777,0.5511725009832111,0.12843836978563739,-0.338446642951223,0.2720247426272313,0.17057024082167027
2020-07-27,"Bcb Bancorp, In...",,0.07,19.9,0.14,19.1,153.0,BCBP,amc,8.56,8.6,,322.96,320.95,0.00208641728448766,1.122140627528066,0.5410422501320375,-1.060198278755605,0.014372844633747023,0.027135737438274438
2020-07-27,Northrim Bancor...,,0.53,27.2,1.52,34.99,146.0,NRIM,amc,22.34,22.7,,322.96,320.95,0.0031328870453987854,1.5126007724024775,0.461192386718719,-0.5798403822732331,0.010954295524601004,0.021515282613026765
2020-07-27,Heartland Bancc...,,0.77,16.6,2.03,14.77,130.0,HLAN,amc,65.25,65.25,,322.96,320.95,0.0012637521379875673,0.39978147683922166,0.14236802417313765,-1.0341530478949876,-0.728945592229993,-0.506935590279187
2020-07-27,"Intevac, Inc.",,-0.17,15.6,0.06,28.84,125.0,IVAC,amc,5.64,5.6,,322.96,320.95,0.0005209954763493916,0.8269854188077277,0.27237361683921624,-0.1662813917341991,0.05687967443952369,0.0534734870604422
2020-07-27,First Bank,,0.15,16.55,0.21,18.21,122.0,FRBA,amc,6.65,6.6,,322.96,320.95,0.003230646019796455,1.3983722893702137,0.48297414014257967,-0.5227941197073845,0.023480881088914274,0.028945844925282974
2020-07-27,Sb Financial Gr...,,0.42,15.2,0.71,17.49,109.0,SBFG,amc,14.05,14.18,,322.96,320.95,0.0012976256358050893,0.6810840596879255,0.16006270136827971,-0.2757059574445457,-0.02524499146396353,-0.04327681829338842
2020-07-27,Cb Financial Se...,,0.14,13.0,0.54,12.97,104.0,CBFV,amc,18.46,18.7,,322.96,320.95,0.0014200429095532633,0.41694467150814857,0.1200022572031233,-0.20816249027310144,0.10446578343631896,0.10368169951673734
2020-07-27,Meridian Bank,,0.19,19.98,0.94,32.28,85.0,MRBK,amc,14.01,14.19,,322.96,320.95,0.0013202515866037275,0.41461165386643434,0.09443459876450944,-0.12209134558774624,0.029162043554250783,0.021712792005791015
2020-07-27,Tessco Technolo...,,-0.59,110.81,-0.54,119.81,52.0,TESS,amc,6.9,7.0,,322.96,320.95,0.005321913050028778,0.7585224412544571,0.07616056308775732,0.1553729624837069,0.1464367967862677,0.1131729944334133
2020-07-27,"Trxade Group, I...",,0.01,1.95,-0.07,6.59,47.0,MEDS,amc,6.28,7.8,,322.96,320.95,-0.0038001503104482534,0.5821943561237674,0.021313873161875052,4.788791863634875,0.14276703194174623,0.04487033378774495
2020-07-27,Zenyatta Ventur...,,,,-0.01,0.0,38.0,ZENYF,amc,0.47,0.47,,322.96,320.95,-0.0010531196875977699,0.32654306294591134,0.011958854842460287,-0.3056857850005777,-0.007300523939024289,-0.007876529847357976
2020-07-27,Amrep Corporati...,,,,0.01,4.77,37.0,AXR,bmo,4.6,4.6,4.54,322.96,320.95,0.0014690831847245975,0.3188434821840289,0.060939793511468054,-0.333757859548738,-0.01754879718317411,-0.020238691046625047
2020-07-27,A.h. Belo Corpo...,,,,-0.16,35.42,34.0,AHC,amc,1.63,1.63,,322.96,320.95,0.004036851680515449,0.48267392677575327,0.07203280332875506,-0.20563247933699508,-0.005843630069138215,-0.004057106210658105
2020-07-27,Bioasis Technol...,,,,-0.01,0.0,18.0,BIOAF,amc,0.2303,0.2303,,322.96,320.95,0.0011637478234355456,1.054408905605889,0.09026342956637179,3.2433180958404146,-0.009362017758730062,-0.007924239430105055
2020-07-27,Champions Oncol...,,0.01,8.48,-0.16,8.75,111.0,CSBR,amc,8.95,8.76,,322.96,320.95,-5.706347132703772e-05,1.186828381741223,0.2508005381397753,-0.2406529246206162,-0.06846151730892347,-0.029146768855773636
2020-07-27,Crispr Therapeu...,,-0.92,23.08,-1.3,0.04,5598.0,CRSP,amc,92.12,90.9,,322.96,320.95,-0.0014376851338091345,0.9910547752871557,0.26067136399296775,-0.6740918474231855,-0.9246185970045007,-0.776758108836523
2020-07-27,Agnc Investment...,,0.46,330.9,0.58,372.0,7563.0,AGNC,amc,13.71,13.78,,322.96,320.95,0.0015412507911946199,0.8888517418511459,0.3243073854145798,0.1964288988333227,0.07201192456564963,0.07037898636995153
2020-07-27,The First Bancs...,,0.44,46.49,0.52,54.86,438.0,FBMS,amc,20.07,20.81,,322.96,320.95,0.002494387571811496,1.063041060581194,0.4561335809522111,-0.7478121684172722,0.046673224189980544,0.006088170727435838
2020-07-27,"Howard Bancorp,...",,0.15,19.91,0.2,22.88,187.0,HBMD,amc,9.97,9.96,,322.96,320.95,0.0026881187555410444,1.5399234188282405,0.5246794691857894,1.3054323628791142,0.030906750715718218,0.038146367245467314
2020-07-27,Ameris Bancorp,,0.6,218.95,0.61,284.77,1610.0,ABCB,bmo,23.18,23.28,22.96,322.96,320.95,0.0031112648117881106,1.5241477559752892,0.530051918119809,-0.45838284172339566,0.26489588315134055,0.24245185892146742
2020-07-27,Lincoln Electri...,,0.34,555.5,0.8,590.73,5436.0,LECO,bmo,91.53,93.99,93.74,322.96,320.95,0.00012624133268832136,1.0531416491116374,0.6875963804046858,0.02621553377116492,0.5596987171128085,0.4379414484124373
2020-07-27,"Trinet Group, I...",,1.11,267.41,2.03,335.0,4164.0,TNET,amc,63.01,68.85,,322.96,320.95,0.0016101594780133011,1.2242354056286948,0.3624279774315752,0.6014527375717176,0.24481440053910708,-0.11780593240125725
2020-07-27,Controladora Vu...,,-0.51,,-0.71,66.0,548.0,VLRS,bmo,5.42,5.62,5.11,322.96,320.95,0.004332857575472372,2.13945376872978,0.4989773344023951,-0.8664419818137958,0.05067920766340128,0.03439938828279565
2020-07-27,Simpson Manufac...,,0.63,253.3,1.22,326.08,3940.0,SSD,amc,94.2,90.24,,322.96,320.95,-0.001115228084367755,1.1101859230761575,0.4980796151341801,0.8426666988843823,0.6817613632883743,0.8950142760848767
2020-07-27,Tfi Internation...,,0.35,816.0,0.76,803.52,3506.0,TFII,amc,40.45,40.45,,322.96,320.95,-0.00032744367816265615,1.113570915975045,0.5375655093945311,0.39027553738242415,-0.11204598434226964,-0.08581202351877892
2020-07-27,Onemain Holding...,,0.22,771.63,0.8,806.0,3385.0,OMF,amc,25.46,28.93,,322.96,320.95,0.0037462127927978565,1.7930515402464824,0.40986839363877603,-0.5602445361629311,0.39935998379324433,0.1835769473018028
2020-07-27,Community Bank...,,0.53,144.54,0.76,144.89,3085.0,CBU,bmo,59.21,60.98,57.95,322.96,320.95,0.0008325526218268612,1.007857133278466,0.5280171074373547,-0.4391834176101564,0.6778117217811692,0.5910340096001552
2020-07-27,John Bean Techn...,,0.73,398.56,1.09,411.5,2853.0,JBT,amc,90.69,91.03,,322.96,320.95,0.002201067219338839,1.5729468267227191,0.5404246202411804,-0.889023640716591,0.5319881288639616,0.5691182607020668
2020-07-27,Potlatch Corpor...,,-0.01,171.4,0.04,181.56,2843.0,PCH,amc,44.1,43.07,,322.96,320.95,0.0006691373587817385,1.4770580732838952,0.5137384780547396,2.1492058831241603,0.2560776871268946,0.3016379862015257
2020-07-27,J  J Snack Food...,,-0.11,184.6,-0.4,214.56,2427.0,JJSF,amc,130.07,116.26,,322.96,320.95,0.0020695217287351473,1.13742395368542,0.5034688356939985,0.1801438766511543,-0.12367166404268223,0.793220673180089
2020-07-27,Bank Of Hawaii...,,0.95,167.62,0.98,177.96,2368.0,BOH,bmo,59.18,59.35,57.76,322.96,320.95,0.001997881676170722,1.1746968654179057,0.578458816038372,-0.24219967559053923,0.38593963288719624,0.3898164518647085
2020-07-27,First Interstat...,,0.48,164.47,0.58,162.2,1954.0,FIBK,amc,29.62,29.81,,322.96,320.95,0.0017045103895654617,1.1018584487765364,0.5024659009273229,-0.8416684949156278,0.11317372469350417,0.13584152592016652
2020-07-27,Commercewest Ba...,,,,0.28,7.06,65.0,CWBK,amc,18.4,18.4,,322.96,320.95,0.0009049804820742336,0.2383880869450309,0.07920116836542734,-0.199255798737446,0.03628296979417028,0.026434392696435063
2020-07-27,Nbt Bancorp Inc...,,0.43,112.55,0.56,115.46,1311.0,NBTB,amc,29.32,30.68,,322.96,320.95,0.001493104674716546,0.9934562673913634,0.5341036050547159,-0.9900894814646671,0.19632868877796342,0.15094697199286813
2020-07-27,Gladstone Comme...,,0.4,31.58,0.41,33.53,617.0,GOOD,amc,18.54,18.75,,322.96,320.95,0.0019336088165249033,1.516895407932601,0.3721139931843891,-0.3027680480608439,0.004941958265657548,-0.006433318041470876
2020-07-27,Seacor Holdings...,,0.16,191.26,0.39,172.59,551.0,CKH,amc,27.58,27.58,,322.96,320.95,0.003153428799903394,1.2386987575847304,0.4464755364393309,-0.5259162570923239,-0.0027806922210479174,0.00014940519804189367
2020-07-27,Costamare Inc.,,0.24,120.41,0.26,111.87,617.0,CMRE,amc,5.12,5.06,,322.96,320.95,0.0015612168783693042,1.069073239777996,0.2774005949554337,-0.4231489676576957,0.021663091176929713,0.026257162871554256
2020-07-27,"Healthstream, I...",,0.01,59.09,0.11,60.55,695.0,HSTM,amc,21.39,22.28,,322.96,320.95,0.0014336872556692437,0.6840257608612368,0.2772950275181333,1.6827172149599237,0.06545101969825791,0.03444617647708195
2020-07-27,Forterra Inc,,0.39,420.0,0.4,426.19,858.0,FRTA,amc,13.4,14.52,,322.96,320.95,-0.0004128711846363843,1.7820038687098108,0.30140404095436835,0.00035896409723643383,0.08555613186844613,0.033647354532456375
2020-07-27,Universal Healt...,,,,0.83,19.28,928.0,UHT,amc,67.7,67.7,,322.96,320.95,0.002444200895938275,1.712356317943084,0.5689373629968604,-0.7512083262340625,0.6572809747061727,0.6131876299548562
2020-07-27,Park National C...,,1.36,99.16,1.65,112.15,1125.0,PRK,amc,67.88,67.88,,322.96,320.95,0.0017837453395606023,0.9689843533601654,0.4352988783701972,-0.6728897349739815,0.17369735607149583,0.2523951885089364
2020-07-27,Heartland Finan...,,0.45,141.79,0.82,154.78,1148.0,HTLF,amc,30.64,31.26,,322.96,320.95,0.002557505252984781,1.4595776906060252,0.6283242937202973,-0.9980447716063772,0.07280554386701149,0.05154117936455238
2020-07-27,Lakeland Financ...,,0.51,48.55,0.77,50.7,1169.0,LKFN,bmo,45.47,46.8,45.73,322.96,320.95,0.0004960094476146769,1.0440689286080007,0.4535403097430255,-0.5492291770102299,0.11541217491787226,0.05564788955205491
2020-07-27,Pacific Premier...,,-0.43,140.67,-1.41,137.19,1264.0,PPBI,bmo,21.08,19.75,20.8,322.96,320.95,0.00251385172567231,1.521127029392599,0.5497676709311095,-0.6912362801430573,0.1003700646778519,0.18324579033347543
