Symbol,Name,Last,Change,%Chg,Open,High,Low,Volume,Time
SPY,,,,,,,,,
A,Agilent Technologies,78.33,1.64,2.14%,76.43,78.72,76.23,2399900,4/9/2020
AA,Alcoa Corp,7.41,0.15,2.07%,7.65,8.02,7.22,13298801,4/9/2020
AAL,American Airlines Gp,12.51,1.18,10.41%,12.64,13.4,11.82,117592805,4/9/2020
AAP,Advance Auto Parts Inc,106.86,4.34,4.23%,104.62,108.81,103.33,1137100,4/9/2020
AAPL,Apple Inc,267.99,1.92,0.72%,268.7,270.07,264.7,40529102,4/9/2020
ABBV,Abbvie Inc,79.75,1.19,1.51%,78.56,80.08,78.56,9425900,4/9/2020
ABC,Amerisourcebergen Corp,87.81,-0.52,-0.59%,88.18,89.41,86.66,1348600,4/9/2020
ABMD,Abiomed Inc,160.08,3.81,2.44%,156.25,160.69,154.6,501100,4/9/2020
ABT,Abbott Laboratories,86.04,1.09,1.28%,85,86.5,82.95,10474700,4/9/2020
ACC,American Campus Communities Inc,34.05,1.99,6.21%,32.99,34.96,32.99,2841400,4/9/2020
ACGL,Arch Capital Grp Ltd,31,2.31,8.05%,29.33,31.17,29.1,2283700,4/9/2020
ACHC,Acadia Healthcr Company,22.99,1.08,4.93%,23.21,24.19,22.54,1347000,4/9/2020
ACM,Aecom Technology Corp,33.08,1.76,5.62%,32.37,34.71,31.84,3590800,4/9/2020
ACN,Accenture Plc,177.92,6.19,3.60%,173.23,179.87,172.51,3743700,4/9/2020
ADBE,Adobe Systems Inc,318.7,1.52,0.48%,318.65,320.78,310.79,3300100,4/9/2020
ADI,Analog Devices,98.79,-2.61,-2.57%,101.34,103.57,97.87,2806700,4/9/2020
ADM,Archer Daniels Midland,37.58,1.1,3.02%,36.79,37.84,36.66,4278700,4/9/2020
ADP,Automatic Data Procs,142.52,3.99,2.88%,140.23,143.81,139.91,2683400,4/9/2020
ADPT,Adaptive Biotechnologies Corp,25.77,0.74,2.96%,25.58,26,24.58,1092200,4/9/2020
ADS,Alliance Data Systems Corp,38.58,-2.13,-5.23%,44.78,46.3,37.12,2269200,4/9/2020
ADSK,Autodesk Inc,164.9,5.69,3.57%,160.71,170.81,160.17,3705100,4/9/2020
ADT,ADT Inc,5.35,0.65,13.83%,4.78,5.4,4.74,3663900,4/9/2020
AEE,Ameren Corp,79,2.99,3.93%,76.53,81.25,76.53,1659900,4/9/2020
AEP,American Electric Power Company,86.31,3.01,3.61%,83.99,88.29,83.99,4003700,4/9/2020
AES,The Aes Corp,14.72,0.59,4.18%,14.45,14.99,14.4,7452900,4/9/2020
AFG,American Financial Group,80.49,3.86,5.04%,79.5,81.73,78.43,472700,4/9/2020
AFL,Aflac Incorporated,38.08,0.31,0.82%,38.5,39.82,37.53,7065600,4/9/2020
AGCO,Agco Corp,52.1,1.05,2.06%,51.82,52.98,51.09,405200,4/9/2020
AGIO,Agios Pharmaceuticals,39.88,-0.78,-1.92%,40.92,42.33,38.79,539900,4/9/2020
AGN,Allergan Plc,182.2,1.12,0.62%,181.9,182.85,181.21,4269300,4/9/2020
AGNC,American Capital Age,12.21,0.94,8.34%,12.2,12.75,11.64,25458299,4/9/2020
AGO,Assured Guaranty Ltd,32.49,2.04,6.70%,31.59,33.92,31.3,1293700,4/9/2020
AGR,Avangrid Inc,45.92,2.97,6.92%,43.46,46.01,43.46,376400,4/9/2020
AIG,American International Group,26.54,2.41,9.99%,24.95,27.65,24.89,11974600,4/9/2020
AIV,Apartment Investment and Management,39.97,3.43,9.39%,37.41,41.16,37.12,1917800,4/9/2020
AIZ,Assurant Inc,112.39,5.67,5.31%,108.26,114.74,107,353600,4/9/2020
AJG,Arthur J. Gallagher & Company,86.84,1.8,2.12%,85.9,88.35,85.37,1374600,4/9/2020
AKAM,Akamai Technologies,95.39,-1.98,-2.03%,97.04,97.79,94.94,2036600,4/9/2020
AL,Air Lease Corp Cl A,26.04,1.42,5.77%,26.19,27.67,25.14,2295700,4/9/2020
ALB,Albemarle Corp,67.02,5.2,8.41%,62.35,67.24,62.17,1775400,4/9/2020
ALGN,Align Technology,193.19,8.78,4.76%,183.87,197.99,181.86,1765900,4/9/2020
ALK,Alaska Air Group,31.61,2.47,8.48%,31.24,33.6,30.39,4210800,4/9/2020
ALKS,Alkermes Plc,15.43,-0.4,-2.53%,15.94,16.33,15.09,1457300,4/9/2020
ALL,Allstate Corp,100.34,3.09,3.18%,98.94,102.19,97.8,2714200,4/9/2020
ALLE,Allegion Plc,95.36,0.71,0.75%,94.72,97.81,94.16,816600,4/9/2020
ALLY,Ally Financial,16.83,1.61,10.58%,16.31,17.61,16.15,10543399,4/9/2020
ALNY,Alnylam Pharmaceuticals,116.38,4.99,4.48%,110.74,117.1,110.74,572100,4/9/2020
ALSN,Allison Transmission Holdings,34.89,-0.15,-0.43%,35.39,36.57,34.81,1165000,4/9/2020
ALXN,Alexion Pharm Inc,96.23,-2.33,-2.36%,97.91,99.28,94.23,3281400,4/9/2020
AM,Antero Midstream Corp,2.52,0,0.00%,2.65,2.85,2.48,18636600,4/9/2020
AMAT,Applied Materials,49.59,-1.87,-3.63%,52,52.74,48.68,11659101,4/9/2020
AMCX,Amc Networks Cl A,24.5,0.04,0.16%,25.03,26.46,23.78,927900,4/9/2020
AMD,Adv Micro Devices,48.38,-0.41,-0.84%,49.65,50.25,47.72,80357297,4/9/2020
AME,Amtek Inc,78.23,1,1.29%,77.81,80.64,77.33,1537700,4/9/2020
AMG,Affiliated Managers Group,66.6,1.46,2.24%,66.67,72.54,65.16,1108500,4/9/2020
AMGN,Amgen Inc,218.21,-0.98,-0.45%,217.4,219.35,215.7,2503300,4/9/2020
AMH,American Homes 4 Rent,24.69,0.8,3.35%,24.14,25.24,23.97,4469100,4/9/2020
AMP,Ameriprise Financial Services,120.47,8.78,7.86%,113.64,124.61,113.64,1608600,4/9/2020
AMT,American Tower Corp,259.6,10.35,4.15%,248.5,260.43,248.2,4331900,4/9/2020
AMTD,TD Ameritrade HD,37.96,0.34,0.90%,38.33,39.37,37.49,5288400,4/9/2020
AMZN,Amazon.com Inc,2042.76,-0.24,-0.01%,2044.3,2053,2017.66,4655600,4/9/2020
AN,Autonation Inc,33.65,2.66,8.58%,32.19,36.31,32.07,2372800,4/9/2020
ANAT,Amer Natl Insurance,79.63,2.02,2.60%,79.53,80.71,79,76100,4/9/2020
ANET,Arista Networks Inc,209.91,-4.68,-2.18%,211.22,212.5,206.35,1384300,4/9/2020
ANSS,Ansys Inc,237.92,-6.45,-2.64%,243.17,244.23,234.59,821100,4/9/2020
ANTM,Anthem Inc,242.46,-4.56,-1.85%,240.94,248.05,239.93,2191200,4/9/2020
AON,AON Plc,192.05,4.09,2.18%,190.57,193.6,186.68,1798500,4/9/2020
AOS,Smith [A.O.] Corp,40.21,-0.01,-0.02%,40.52,41.42,39.64,1849200,4/9/2020
APA,Apache Corp,8.2,0.62,8.18%,9.11,10.06,7.13,92823695,4/9/2020
APD,Air Products and Chemicals,219.32,3.56,1.65%,215.13,222.6,215.13,1744000,4/9/2020
APH,Amphenol Corp,81.91,2.29,2.88%,80.29,83.12,80.28,1785500,4/9/2020
APLE,Apple Hospitality REIT Inc,9.14,0.93,11.33%,8.55,9.52,8.55,4662000,4/9/2020
APTV,Aptiv Plc,62.23,2.03,3.37%,63.14,66.65,62.01,3606900,4/9/2020
APY,Apergy Corp,9.3,0.64,7.39%,8.97,10.12,8.5,2236600,4/9/2020
AR,Antero Resources Corp,1.47,0.16,12.21%,1.37,1.67,1.28,21017799,4/9/2020
ARD,Ardagh Group S.A.,13.14,0.54,4.29%,12.79,13.22,12.68,105600,4/9/2020
ARE,Alexandria Real Estate Equities,157.8,10.36,7.03%,149.25,158.47,149.25,1360000,4/9/2020
ARMK,Aramark Holdings Corp,23.29,-0.02,-0.09%,24.31,28.12,23.13,8307200,4/9/2020
ARNC,Arconic Corp,10.79,0.76,7.58%,10.87,11.14,10,6333400,4/9/2020
ARW,Arrow Electronics,59.2,1.63,2.83%,59.32,60.97,58.75,629100,4/9/2020
ASB,Associated Banc-Corp,14.41,0.67,4.88%,14.2,14.67,13.94,2597800,4/9/2020
ASH,Ashland Global Holdings Inc,57.64,4.34,8.14%,54.32,58.19,53.64,432000,4/9/2020
ATH,Athene Holding Ltd,30.35,3.75,14.10%,27.91,31.29,27.68,5298500,4/9/2020
ATO,Atmos Energy Corp,105.2,2.55,2.48%,103.96,108.41,103.41,1263800,4/9/2020
ATR,Aptargroup,107.27,3.16,3.04%,105.04,108.03,104.23,399300,4/9/2020
ATUS,Altice USA Inc Cl A,24.6,0.59,2.46%,24.75,26.05,24.29,7856300,4/9/2020
ATVI,Activision Blizzard,60.46,-0.61,-1.00%,61.28,61.8,59.55,8404899,4/9/2020
AVB,Avalonbay Communities,167.36,6.63,4.12%,162.8,172.91,162.8,1751300,4/9/2020
AVGO,Broadcom Ltd,254.3,-6.8,-2.60%,265.79,267.5,251.31,3482700,4/9/2020
AVLR,Avalara Inc,73.72,-1.78,-2.36%,76.49,79.94,72.11,726800,4/9/2020
AVT,Avnet Inc,28.22,0.18,0.64%,28.85,29.2,27.88,736700,4/9/2020
AVTR,Avantor Inc,13.92,0.83,6.34%,13.3,14.14,13.2,3976200,4/9/2020
AVY,Avery Dennison Corp,115.03,4.82,4.37%,110.94,116.67,110.94,688700,4/9/2020
AWI,Armstrong World Industries Inc,84.29,5.81,7.40%,80.4,84.76,78.72,270500,4/9/2020
AWK,American Water Works,131.75,6.4,5.11%,126.38,132.87,125.6,1177200,4/9/2020
AXP,American Express Company,94.82,2.74,2.98%,94.59,97.85,93.46,6904900,4/9/2020
AXS,Axis Capital Holdings,42.37,2.19,5.45%,41.03,42.61,40.81,460500,4/9/2020
AXTA,Axalta Coating Systems Ltd,18.63,0.65,3.62%,18.28,19.16,18.2,2735200,4/9/2020
AYI,Acuity Brands Inc,92.14,2.47,2.75%,91.36,95.22,90.71,290200,4/9/2020
AYX,Alteryx Inc,107.92,10.98,11.33%,100.69,112.99,100.69,3450200,4/9/2020
AZO,Autozone,940.83,25.61,2.80%,940,963.72,924,287800,4/9/2020
AZPN,Aspen Technology,97.24,2.37,2.50%,95.76,99.17,94.01,590300,4/9/2020
BA,Boeing Company,151.84,4.97,3.38%,154.71,157.98,150.09,38049500,4/9/2020
BAC,Bank of America Corp,24.86,1.41,6.01%,24.07,25.32,24.05,125414711,4/9/2020
BAH,Booz Allen Hamilton Holding Corp,74.25,2.38,3.31%,73.13,75.49,72.67,890400,4/9/2020
BAX,Baxter International Inc,86.89,2.41,2.85%,84.43,87.8,83.5,3891100,4/9/2020
BBY,Best Buy Company,65.99,1.54,2.39%,65.94,68.09,64.75,2729100,4/9/2020
BC,Brunswick Corp,38.24,3.87,11.26%,35.23,39.48,34.5,1826500,4/9/2020
BDN,Brandywine Realty Trust,11.49,0.81,7.58%,11.03,11.57,10.67,1513200,4/9/2020
BDX,Becton Dickinson and Company,247.45,-2.55,-1.02%,250,250.58,243.53,2389800,4/9/2020
BEN,Franklin Resources,16.81,-0.38,-2.21%,17.26,17.74,16.61,5304100,4/9/2020
BERY,Berry Global Group,37.5,1.53,4.25%,36.51,38.25,35.81,3127900,4/9/2020
BF.A,Brown Forman Inc Cl A,59.49,2.5,4.39%,56.99,60,56.99,87600,4/9/2020
BFAM,Bright Horizons Family Solutions Inc,117.04,5.66,5.08%,112.71,120,112.71,968300,4/9/2020
BF.B,Brown Forman Inc Cl B,62.89,1.67,2.73%,60.72,64.6,60.72,1173900,4/9/2020
BG,Bunge Ltd,40.83,1.39,3.52%,39.85,41.41,39.53,1360500,4/9/2020
BGCP,Bgc Partners Cl A,2.96,0.25,9.23%,2.78,3,2.76,4435000,4/9/2020
BHF,Brighthouse Financial Inc,27.52,2.03,7.96%,26.82,28.67,26.26,1614200,4/9/2020
BIIB,Biogen Inc,321.05,4.1,1.29%,315.1,322.45,314.01,1480200,4/9/2020
BILL,Bill.com Holdings Inc,42.34,-1.93,-4.36%,44.81,49.87,40.19,1467000,4/9/2020
BIO,Bio-Rad Laboratories,393.14,-9.92,-2.46%,405.37,408.7,392.59,284200,4/9/2020
BK,Bank of New York Mellon Corp,37.14,1.49,4.18%,36.34,37.88,36.17,8038600,4/9/2020
BKI,Black Knight Inc,63.48,0.22,0.35%,63.12,64.21,62.85,917400,4/9/2020
BKNG,Booking Holdings Inc,1420.64,48.58,3.54%,1424.76,1450,1403,1032800,4/9/2020
BKR,Baker Hughes A Ge Co. Cl A,12.86,-0.04,-0.31%,13.62,14.14,12.13,7340000,4/9/2020
BKU,BankUnited Inc,21.37,1.96,10.10%,19.84,21.6,19.74,1643000,4/9/2020
BLK,Blackrock,471.42,20.45,4.53%,460,478.69,458.43,1154600,4/9/2020
BLL,Ball Corp,69.94,2.35,3.48%,68.14,70.47,67.72,4218700,4/9/2020
BLUE,Bluebird Bio,46.5,3.46,8.04%,43.71,47.53,43.66,1843000,4/9/2020
BMRN,Biomarin Pharmaceuticals,79.55,-0.05,-0.06%,79.06,81.19,78.77,1329500,4/9/2020
BMY,Bristol-Myers Squibb Company,58.91,0.66,1.13%,58.8,59.58,58.37,13256800,4/9/2020
BOH,Bank of Hawaii Corp,62.72,3.69,6.25%,60.56,62.97,60.13,204400,4/9/2020
BOKF,Bok Financial Corp,53.72,3.87,7.76%,51.52,55.87,51.52,422100,4/9/2020
BPOP,Popular Inc,39.07,0.86,2.25%,38.67,40.93,38.15,1988300,4/9/2020
BPYU,Brookfield Property REIT Inc,10.77,0.69,6.85%,10.3,11.63,10.21,1904100,4/9/2020
BR,Broadridge Financial Solutions Llc,105.91,3.81,3.73%,102.53,106.37,101.4,1271300,4/9/2020
BRK.B,Berkshire Hathaway Cl B,193.84,2.83,1.48%,194,197.23,191.45,10525200,4/9/2020
BRKR,Bruker Corp,36.8,-0.19,-0.51%,37.37,37.79,36.13,1382900,4/9/2020
BRO,Brown & Brown,39.03,1.83,4.92%,37.69,39.19,37.56,1433100,4/9/2020
BRX,Brixmor Property Group Inc,11.33,1.57,16.09%,10.34,11.94,10.09,8297500,4/9/2020
BSX,Boston Scientific Corp,36.83,1.7,4.84%,35.25,37.24,34.99,19098801,4/9/2020
BURL,Burlington Stores Inc,176.89,1.18,0.67%,179.86,187.85,175.65,710600,4/9/2020
BWA,Borgwarner Inc,25.74,0.21,0.82%,26.24,27.1,25.56,4216400,4/9/2020
BWXT,Bwx Technologies Inc,51.3,0.86,1.70%,51.48,52.67,50.76,761100,4/9/2020
BXP,Boston Properties,106,6.09,6.10%,102.27,107.15,102.18,1938400,4/9/2020
BYND,Beyond Meat Inc,72.3,2.83,4.07%,71.68,74.72,70.6,3338200,4/9/2020
C,Citigroup Inc,47.41,3.15,7.12%,46.94,49.22,46.37,43659203,4/9/2020
CABO,Cable One Inc,1704.24,19.73,1.17%,1724.98,1772.81,1686.04,59400,4/9/2020
CACC,Credit Acceptance,317.17,45.15,16.60%,281.99,328.14,278.52,589100,4/9/2020
CACI,Caci International,230.04,4.51,2.00%,230,233.49,225.36,166900,4/9/2020
CAG,Conagra Brands Inc,32.46,1.15,3.67%,31,32.87,31,5146000,4/9/2020
CAH,Cardinal Health,50.43,1.03,2.09%,49.23,50.79,49.23,2012600,4/9/2020
CASY,Casey's General Stor,143.34,2.04,1.44%,143.07,146.66,141.77,302100,4/9/2020
CAT,Caterpillar Inc,125.03,-2.37,-1.86%,128.65,129.6,123.15,4753400,4/9/2020
CB,Chubb Ltd,122.27,7.66,6.68%,116.72,123.39,116.11,2719200,4/9/2020
CBOE,CBOE Global Markets Inc,93.42,-2.28,-2.38%,95.91,96.65,92.74,1498300,4/9/2020
CBRE,CBRE Group Inc,45.61,0.35,0.77%,45.27,46.04,43.66,4439100,4/9/2020
CBSH,Commerce Bancshares,59.37,3.65,6.55%,56.71,59.64,56.02,461200,4/9/2020
CBT,Cabot Corp,30.63,1.4,4.79%,29.89,31.51,29.72,397600,4/9/2020
CC,Chemours Company,10.99,1.47,15.44%,9.94,11.3,9.81,4181100,4/9/2020
CCI,Crown Castle International Corp,164.14,6.78,4.31%,158.26,164.77,157.82,4349900,4/9/2020
CCK,Crown Cork & Seal Company,62.2,2.38,3.98%,60.82,63.83,60.49,1576500,4/9/2020
CCL,Carnival Corp,12.42,0.43,3.59%,12.67,13.73,11.92,145266500,4/9/2020
CDAY,Ceridian Hcm Holding Inc,53.9,4.38,8.84%,50.99,56.22,50.29,2320900,4/9/2020
CDEV,Centennial Resource Development Inc,0.3496,0.0143,4.26%,0.355,0.444,0.3353,24793400,4/9/2020
CDK,Cdk Global Inc,35.98,0.59,1.67%,36.03,36.94,35.12,1004700,4/9/2020
CDNS,Cadence Design Sys,71.65,-0.19,-0.26%,71.91,72.73,71.07,1954300,4/9/2020
CDW,CDW Corp,106.26,3.99,3.90%,104.2,107.81,103.28,1318800,4/9/2020
CE,Celanese Corp,83.91,1.93,2.35%,81.85,86.9,81.15,1096700,4/9/2020
CERN,Cerner Corp,68.38,1.97,2.97%,67.41,68.83,67.07,2314400,4/9/2020
CF,Cf Industries Holdings,31.01,1.17,3.92%,30.69,32.17,30.24,4559400,4/9/2020
CFG,Citizens Financial Group Inc/Ri,22.11,1.58,7.70%,21.62,22.86,21.48,6535900,4/9/2020
CFR,Cullen/Frost Bankers,70.93,4.85,7.34%,67.73,72.25,67.08,824600,4/9/2020
CFX,Colfax Corp,22.92,0.02,0.09%,23.94,25.88,22.75,1908100,4/9/2020
CGNX,Cognex Cp,46.19,0.56,1.23%,46,47.38,45.36,954300,4/9/2020
CHD,Church & Dwight Company,68.39,-0.22,-0.32%,68.35,69.98,68.09,1063500,4/9/2020
CHE,Chemed Inc,470.95,25.02,5.61%,450.06,472.91,448,135000,4/9/2020
CHH,Choice Hotels International,72.4,0.15,0.21%,74.42,76.99,70.87,417400,4/9/2020
CHK,Chesapeake Energy Corp,0.17,-0.001,-0.58%,0.1756,0.21,0.166,204980797,4/9/2020
CHNG,Change Healthcare Inc,10.49,0.01,0.10%,10.54,11.34,10.32,7244800,4/9/2020
CHRW,C.H. Robinson Ww,73.22,0.4,0.55%,72.93,74.32,71.95,1584300,4/9/2020
CHTR,Charter Communicatio,466.64,2.71,0.58%,465.65,476.14,456.19,1634200,4/9/2020
CI,Cigna Corp,181.83,-4.39,-2.36%,186.89,188.65,180.75,2485500,4/9/2020
CIEN,Ciena Corp,45.65,-0.51,-1.10%,46.17,46.95,45.22,2790600,4/9/2020
CIM,Chimera Investment Corp,7.69,0.58,8.16%,7.63,8.09,7.41,15005100,4/9/2020
CINF,Cincinnati Financial,83.58,2.5,3.08%,82.3,84.25,81.6,1231300,4/9/2020
CIT,Cit Group Inc,21.82,2.67,13.94%,21.05,22.63,20.69,3798100,4/9/2020
CL,Colgate-Palmolive Company,69.91,-0.31,-0.44%,70.66,71.47,69.76,3582400,4/9/2020
CLGX,Corelogic,38.64,1.83,4.97%,38.15,39.68,37.75,1610200,4/9/2020
CLH,Clean Harbors,56.58,4.07,7.75%,54.32,57.95,54.17,445600,4/9/2020
CLNY,Colony Capital Inc,2.33,0.6,34.68%,1.9,2.35,1.87,12655000,4/9/2020
CLR,Continental Resources,12.19,-0.18,-1.46%,13.23,14.96,11.05,20298600,4/9/2020
CLX,Clorox Company,184.21,3.17,1.75%,179.23,186.77,178.52,2114500,4/9/2020
CMA,Comerica Inc,34.75,1.73,5.24%,34.32,37.01,33.77,4557300,4/9/2020
CMCSA,Comcast Corp A,38,0.32,0.85%,37.49,38.04,36.8,28618299,4/9/2020
CMD,Cantel Medical,38.3,4.35,12.81%,35.45,38.72,34.64,532100,4/9/2020
CME,CME Group Inc,190.16,9.19,5.08%,181.87,191.04,181.87,3187700,4/9/2020
CMG,Chipotle Mexican Grill,771,45.88,6.33%,745,788.97,732,1026600,4/9/2020
CMI,Cummins Inc,150.7,1.14,0.76%,152.52,154.3,148.83,1133500,4/9/2020
CMS,Cms Energy Corp,62.33,1.69,2.79%,61.06,64.08,60.91,2400700,4/9/2020
CNA,Cna Financial Corp,33.74,1.36,4.20%,32.5,34.22,32.47,287100,4/9/2020
CNC,Centene Corp,66.42,1.27,1.95%,65.13,68.63,64.47,6814300,4/9/2020
CNK,Cinemark Holdings Inc,12.5,1.15,10.13%,11.9,12.99,11.69,9341000,4/9/2020
CNP,Centerpoint Energy Inc,17.81,0.99,5.89%,17.2,18.24,17.2,10495700,4/9/2020
COF,Capital One Financial Corp,60.11,3.39,5.98%,60.76,62.98,59.22,7633800,4/9/2020
COG,Cabot Oil & Gas Corp,18.88,-0.31,-1.62%,19,19.65,18.5,7212600,4/9/2020
COHR,Coherent Inc,112.99,2.38,2.15%,111.54,116.58,110.02,219900,4/9/2020
COLD,Americold Realty Trust,35.95,1.47,4.26%,34.96,36.27,34.58,3181700,4/9/2020
COLM,Columbia Sprtswr,75.21,2.86,3.95%,73.93,76,73.51,336900,4/9/2020
COMM,Commscope Holding Company,10.41,0.41,4.10%,10.29,10.98,10.03,4539400,4/9/2020
CONE,Cyrusone Inc,67.34,3.52,5.52%,65,68.24,64.07,1956500,4/9/2020
COO,Cooper Companies,296.57,-0.86,-0.29%,295.2,300.25,289.29,429800,4/9/2020
COP,Conocophillips,34.73,-0.95,-2.66%,37.93,37.98,33.29,14200199,4/9/2020
COR,Coresite Realty Corp,120.78,4.5,3.87%,116.72,122,115.92,484900,4/9/2020
COST,Costco Wholesale,300.01,-5.96,-1.95%,299.45,304.35,297.58,6492600,4/9/2020
COTY,Coty Inc,6.02,0.14,2.38%,6.19,6.35,5.97,7429200,4/9/2020
COUP,Coupa Software Inc,135.55,-0.83,-0.61%,138.13,142.32,133.74,1624400,4/9/2020
CPA,Copa Holdings S.A.,45.5,3.45,8.20%,45,46.99,43.68,879500,4/9/2020
CPB,Campbell Soup Company,47.75,1.59,3.44%,45.67,48.71,45.63,3517200,4/9/2020
CPRI,Capri Holdings Ltd,13.38,-0.41,-2.97%,14.94,15.42,13.19,9963000,4/9/2020
CPRT,Copart Inc,74.99,3.01,4.18%,73.93,77.11,73.46,1955300,4/9/2020
CPT,Camden Property Trust,89.09,3.39,3.96%,87.8,91.08,87.64,766200,4/9/2020
CR,Crane Company,54.04,0.13,0.24%,55.31,56.63,53.29,469300,4/9/2020
CREE,Cree Inc,38.48,-0.68,-1.74%,39.41,40.69,37.76,779300,4/9/2020
CRI,Carter's Inc,77.61,-1.03,-1.31%,80.72,82.48,76.56,675100,4/9/2020
CRL,Charles River Laboratories Intl,138.96,-2.47,-1.75%,144.71,147.06,137.52,462700,4/9/2020
CRM,Salesforce.com Inc,154.55,3.43,2.27%,152.39,156.1,151.68,7094500,4/9/2020
CRNC,Cerence Inc,18.99,0.21,1.12%,19.37,19.84,18.53,971300,4/9/2020
CSCO,Cisco Systems Inc,41.2,-0.54,-1.29%,42.09,42.2,40.85,27650100,4/9/2020
CSGP,Costar Group Inc,631.28,16.67,2.71%,614.61,639.74,607.38,370900,4/9/2020
CSL,Carlisle Companies Inc,126.68,1.2,0.96%,126.83,130,126.68,320000,4/9/2020
CSX,CSX Corp,64,0.48,0.76%,63.89,64.8,63.1,5150600,4/9/2020
CTAS,Cintas Corp,198.74,6.33,3.29%,197.94,207.15,197.51,934400,4/9/2020
CTL,Centurylink,10.65,0.82,8.34%,10,10.9,9.91,15495101,4/9/2020
CTLT,Catalent Inc,56.46,1.36,2.47%,56.32,57.29,55.19,1006300,4/9/2020
CTSH,Cognizant Tech Sol,54.28,2.89,5.62%,51.92,55.25,51.92,6208800,4/9/2020
CTVA,Corteva Inc,27.93,1.88,7.22%,26.2,28.07,26.2,6076900,4/9/2020
CTXS,Citrix Systems Inc,139.4,-7.42,-5.05%,146.23,146.64,138.76,3334900,4/9/2020
CUBE,Cubesmart,27.7,1.03,3.86%,27.05,28.33,27.01,2393400,4/9/2020
CUZ,Cousins Properties Inc,32.91,1.14,3.59%,32.52,33.5,31.91,1661700,4/9/2020
CVET,Covetrus Inc,8.4,0.89,11.85%,7.75,8.88,7.62,1372600,4/9/2020
CVNA,Carvana Co. Cl A,61.35,2.87,4.91%,62.36,70.83,60.01,6568800,4/9/2020
CVS,CVS Corp,60.47,1.06,1.78%,59.52,61.45,59.32,9169400,4/9/2020
CVX,Chevron Corp,84.31,-1.67,-1.94%,88.74,89.91,81.52,17048500,4/9/2020
CW,Curtiss-Wright Corp,101.03,3.32,3.40%,100.21,102.82,98.34,313900,4/9/2020
CXO,Concho Resources Inc,52.74,0.61,1.17%,54.57,55.42,49.22,3320800,4/9/2020
CXP,Columbia Property Trust Inc,14.27,0.73,5.39%,14.03,14.69,13.59,1004500,4/9/2020
CY,Cypress Semiconductor,23.82,0,0.00%,23.82,23.83,23.81,7967100,4/9/2020
CZR,Caesars Entertainment Corp,7.93,0.49,6.59%,7.85,8.2,7.54,16120899,4/9/2020
D,Dominion Resources,81.59,3.37,4.31%,78.63,82.64,78.63,5479100,4/9/2020
DAL,Delta Air Lines Inc,24.39,1.16,4.99%,25.4,25.53,23.35,91692797,4/9/2020
DBX,Dropbox Inc,18.06,-0.23,-1.26%,18.5,18.95,17.87,4776700,4/9/2020
DCI,Donaldson Company,42.67,0.99,2.38%,42.48,43.31,41.99,405100,4/9/2020
DD,Du Pont De.Nemours Inc,40.78,1.92,4.94%,40.2,41.55,39.87,9293700,4/9/2020
DE,Deere & Company,145.75,-1.02,-0.69%,147.28,150.21,144.13,1596100,4/9/2020
DEI,Douglas Emmett,33.22,1.55,4.89%,32.45,33.75,32.28,1193400,4/9/2020
DELL,Dell Technologies Inc,41.56,1.18,2.92%,41.67,42.75,41.14,4231300,4/9/2020
DFS,Discover Financial Services,39.21,1.99,5.35%,38.5,42,38.5,5687900,4/9/2020
DG,Dollar General Corp,169.24,0.02,0.01%,167.11,171.29,166.65,2268100,4/9/2020
DGX,Quest Diagnostics Inc,89.77,1.93,2.20%,89,93.14,88.87,1953300,4/9/2020
DHI,D.R. Horton,41.04,1.39,3.51%,40.96,42.42,40.32,7529200,4/9/2020
DHR,Danaher Corp,145.73,0.6,0.41%,144.54,146.82,144.11,3275300,4/9/2020
DIS,Walt Disney Company,104.5,3.43,3.39%,107.92,107.99,103.53,31485498,4/9/2020
DISCA,Discovery Comm A,22.32,0.74,3.43%,22.27,22.75,21.99,4954600,4/9/2020
DISCK,Discovery Comm Inc,20.14,0.71,3.65%,20.13,20.51,19.79,3547600,4/9/2020
DISH,Dish Network Corp,23.07,1.29,5.92%,22.36,23.59,22.26,3272800,4/9/2020
DKS,Dick's Sporting Goods Inc,27.58,2.15,8.45%,26.5,27.78,26.08,4149900,4/9/2020
DLB,Dolby Laboratories,57.26,1.08,1.92%,56.95,58.31,56.47,415200,4/9/2020
DLR,Digital Realty Trust,148.29,2.48,1.70%,146.97,152.59,146.63,3032900,4/9/2020
DLTR,Dollar Tree Inc,77.56,-1.66,-2.10%,79.64,80.72,76.97,2498600,4/9/2020
DNKN,Dunkin' Brands Group,57.92,-0.68,-1.16%,60.66,63.72,56.66,2013600,4/9/2020
DOCU,Docusign Inc,90.63,2.26,2.56%,89,91.38,86.13,3370500,4/9/2020
DOV,Dover Corp,89.41,-0.19,-0.21%,90.44,93.1,88.48,1335500,4/9/2020
DOW,Dow Inc,36.56,1.77,5.09%,35.75,37.74,35.54,9892199,4/9/2020
DOX,Amdocs Ltd Ord,58.44,0.41,0.71%,59.02,60.07,58.05,665600,4/9/2020
DPZ,Domino's Pizza Inc,343.64,-0.19,-0.06%,348,352.21,340.53,641600,4/9/2020
DRE,Duke Realty Corp,35.56,2.14,6.40%,34.08,35.68,33.66,3348600,4/9/2020
DRI,Darden Restaurants,64.34,0.77,1.21%,67.97,69.17,62.13,4873100,4/9/2020
DT,Dynatrace Inc,24.76,0.28,1.14%,24.7,26.25,24.26,1319600,4/9/2020
DTE,Dte Energy Company,111.25,7.41,7.14%,104.94,113.3,104.94,2435000,4/9/2020
DUK,Duke Energy Corp,90.31,4.81,5.63%,86.5,93,86.32,6538900,4/9/2020
DVA,Davita Healthcare Partners Inc,74.82,-2.14,-2.78%,76.83,78.29,74.4,1313300,4/9/2020
DVN,Devon Energy Corp,9.67,0.26,2.76%,10.1,10.56,8.85,24421199,4/9/2020
DXC,Dxc Technology Company,16.09,0.29,1.84%,16.75,17.72,15.8,5739500,4/9/2020
DXCM,Dexcom,275.27,17.26,6.69%,259.95,276.61,258.6,1166600,4/9/2020
EA,Electronic Arts Inc,105.8,-1,-0.94%,106,109.38,105.06,3717200,4/9/2020
EAF,Graftech International Ltd,8.71,0.16,1.87%,8.56,9.21,8.51,1099100,4/9/2020
EBAY,Ebay Inc,33.83,0.82,2.48%,33.4,34.1,33.37,13558500,4/9/2020
ECL,Ecolab Inc,179.86,9.05,5.30%,173.34,180.34,172.01,2170900,4/9/2020
ED,Consolidated Edison Company of New York,87.94,4.11,4.90%,83.89,89.37,83.86,2111900,4/9/2020
EEFT,Euronet Worldwide,88.29,1.76,2.03%,88.82,91.77,87.33,796500,4/9/2020
EFX,Equifax Inc,124.22,1.54,1.26%,123.39,128,123.2,873400,4/9/2020
EHC,Encompass Health Corp,71.38,1.74,2.50%,70.9,72.41,69.88,512400,4/9/2020
EIX,Edison International,60.27,2.7,4.69%,58.32,61.9,58.16,3753100,4/9/2020
EL,Estee Lauder Companies,164.83,-0.9,-0.54%,167.98,169.24,163.79,2976700,4/9/2020
ELAN,Elanco Animal Health Inc,24.5,1.07,4.57%,24.13,25.3,23.94,4815700,4/9/2020
ELS,Equity Lifestyle Properties,63.17,3.11,5.18%,61.21,64.2,60.82,1343100,4/9/2020
EMN,Eastman Chemical Company,59.71,3.17,5.61%,58.62,61.1,57.48,2011900,4/9/2020
EMR,Emerson Electric Company,51.78,-0.32,-0.61%,53.51,55.14,50.55,3978700,4/9/2020
ENR,Energizer Holdings Inc,35.85,2.12,6.29%,34.63,37.67,34.42,1151200,4/9/2020
ENTG,Entegris Inc,49.73,0.8,1.63%,50.02,50.65,49.16,1242200,4/9/2020
EOG,Eog Resources,44.82,-0.47,-1.04%,47.25,47.58,42.55,11001899,4/9/2020
EPAM,Epam Systems Inc,192.29,4.43,2.36%,190,196.89,188.24,380800,4/9/2020
EPR,Entertainment Properties Trust,25.58,2.86,12.59%,24.33,27.67,23.86,2618000,4/9/2020
EQC,Equity Commonwealth,32.73,0.56,1.74%,32.5,32.96,32.24,2788300,4/9/2020
EQH,Axa Equitable Holdings Inc,16.61,1.05,6.75%,16.28,17.4,16.11,4218700,4/9/2020
EQIX,Equinix Inc,686.94,22.68,3.41%,666.89,692.63,666.21,904300,4/9/2020
EQR,Equity Residential,69.42,4.17,6.39%,66.27,70.61,66.27,3805900,4/9/2020
EQT,Eqt Corp,10.82,-0.02,-0.18%,10.82,11.75,10.55,11886900,4/9/2020
ERIE,Erie Indemnity Company,166.09,-2.64,-1.56%,170.29,173.78,162.76,76800,4/9/2020
ES,Eversource Energy,90.1,6.75,8.10%,84.45,91,84.14,2348600,4/9/2020
ESI,Element Solutions Inc,9.06,0.77,9.29%,8.48,9.16,8.47,4198700,4/9/2020
ESRT,Empire State Realty Trust Inc,9.62,0.58,6.42%,9.32,9.77,9.14,1512800,4/9/2020
ESS,Essex Property Trust,246.96,12.84,5.48%,239.76,254.67,237.96,801800,4/9/2020
ESTC,Elastic N.V.,54,-1.72,-3.09%,56.75,56.87,52.37,1111900,4/9/2020
ETFC,E*Trade Finl Corp,41.76,1.84,4.61%,40.76,42.47,40.76,6810600,4/9/2020
ETN,Eaton Corp,81.44,1.3,1.62%,80.69,84.83,80.5,4472100,4/9/2020
ETR,Entergy Corp,102.91,2.39,2.38%,102.08,107.22,101.63,1497400,4/9/2020
ETRN,Equitrans Midstream Corp,5.57,-0.29,-4.95%,6.12,6.17,5.41,5534400,4/9/2020
ETSY,Etsy Inc,53.68,2.68,5.25%,52.82,54.17,51.64,4105000,4/9/2020
EV,Eaton Vance Corp,34.91,0.36,1.04%,35.47,36.44,34.01,1276700,4/9/2020
EVR,Evercore Partners Inc,55.98,0.2,0.36%,56.38,59.13,54.45,866700,4/9/2020
EVRG,Evergy Inc,63.1,2.24,3.68%,61.36,64.7,61.18,3215300,4/9/2020
EW,Edwards Lifesciences Corp,215.44,8.39,4.05%,209.64,218,207.23,1554400,4/9/2020
EWBC,East West Bancorp,31.11,3.56,12.92%,28.56,31.5,28.26,2153700,4/9/2020
EXAS,Exact Sciences Cor,67.06,0.69,1.04%,68.05,69.53,66.62,1814700,4/9/2020
EXC,Exelon Corp,39.15,1.56,4.15%,37.97,39.83,37.97,9360899,4/9/2020
EXEL,Exelixis Inc,18.02,-0.61,-3.27%,18.75,18.98,17.78,2958700,4/9/2020
EXP,Eagle Materials Inc,65.87,6.62,11.17%,60.78,66.4,59.77,729900,4/9/2020
EXPD,Expeditors Intl,71.48,-0.99,-1.37%,72.62,73.47,71,1523700,4/9/2020
EXPE,Expedia Group Inc,62.42,1.87,3.09%,64.04,66.06,61.27,5275600,4/9/2020
EXR,Extra Space Storage Inc,102.91,4.72,4.81%,98.71,105.02,98.39,1659900,4/9/2020
F,Ford Motor Company,5.37,0.34,6.76%,5.51,5.75,5.24,175833594,4/9/2020
FAF,First American Corp,47.17,1.94,4.29%,46.15,48.55,46.15,1151100,4/9/2020
FANG,Diamondback Energy,34.86,-2.62,-6.99%,40.38,41,33.23,8914100,4/9/2020
FAST,Fastenal Company,33.62,1.13,3.48%,32.74,33.71,32.55,6021500,4/9/2020
FB,Facebook Inc,175.19,0.91,0.52%,175.9,177.08,171.57,23534201,4/9/2020
FBHS,Fortune Brands Home & Security,50.83,3.54,7.49%,48.27,51.82,48.03,2544100,4/9/2020
FCNCA,First Citizens Bancs,353.47,24,7.28%,336.15,361.05,336.15,54600,4/9/2020
FCX,Freeport-Mcmoran Inc,8.19,0.16,1.99%,8.31,8.43,8.01,35040902,4/9/2020
FDS,Factset Research Systems Inc,279.16,8.19,3.02%,274.27,284.98,269.87,362900,4/9/2020
FDX,Fedex Corp,122.29,-3.25,-2.59%,129.61,130,120.16,4750400,4/9/2020
FE,Firstenergy Corp,44.75,1.52,3.52%,43.77,45.31,43.77,5735700,4/9/2020
FEYE,Fireeye Inc,10.66,0.25,2.40%,10.74,10.98,10.53,2863600,4/9/2020
FFIV,F5 Networks Inc,125.39,4.49,3.71%,122.72,127,122,873100,4/9/2020
FHB,First Hawaiian Inc,17.62,1.5,9.31%,16.44,17.63,16.27,1814200,4/9/2020
FHN,First Horizon National Corp,9.5,0.92,10.72%,8.96,9.68,8.93,7026800,4/9/2020
FICO,Fair Isaac and Company Inc,301.11,0.42,0.14%,310,323.23,298.53,285900,4/9/2020
FIS,Fidelity National Information Services,125.12,0.35,0.28%,126.42,128.66,123.88,4682600,4/9/2020
FISV,Fiserv Inc,99.22,0.85,0.86%,100.1,101.82,97.91,3830500,4/9/2020
FITB,Fifth Third Bncp,17.82,1.13,6.77%,17.6,18.35,17.44,10667399,4/9/2020
FIVE,Five Below Inc,82.98,5.88,7.63%,79.29,86.46,79.05,2005000,4/9/2020
FL,Footlocker Inc,25,1.86,8.04%,23.96,26.04,23.86,3372200,4/9/2020
FLIR,Flir Systems Inc,34.5,-0.35,-1.00%,33.07,35.23,33,1644700,4/9/2020
FLO,Flowers Foods,22.17,0.22,1.00%,21.82,22.44,21.75,1219100,4/9/2020
FLR,Fluor Corp,7.86,0.58,7.97%,7.76,8.56,7.67,4418400,4/9/2020
FLS,Flowserve Corp,27.19,-1.55,-5.39%,29.29,29.76,26.76,3009300,4/9/2020
FLT,Fleetcor Technologies,224.99,4.68,2.12%,226.08,232.9,222.55,913900,4/9/2020
FMC,FMC Corp,90,7.13,8.60%,85.6,91.01,83.51,1543500,4/9/2020
FNB,F.N.B. Corp,8.36,0.6,7.73%,8.06,8.46,7.95,2333100,4/9/2020
FND,Floor & Decor Holdings Inc,36.49,2.47,7.26%,35.21,37.42,34.73,3104200,4/9/2020
FNF,Fidelity National Financial,28.86,1.55,5.68%,27.73,30.26,27.73,3975500,4/9/2020
FOX,Fox Corp Cl B,25.64,-0.18,-0.70%,25.92,26.56,25.17,1596200,4/9/2020
FOXA,Fox Corp Cl A,25.99,-0.31,-1.18%,26.54,27.08,25.6,5180200,4/9/2020
FRC,First Republic Bank,99.5,6.1,6.53%,95.3,100.14,95.3,1708600,4/9/2020
FRT,Federal Realty Investment Trust,86,5.73,7.14%,82.88,87.77,82.88,894200,4/9/2020
FSLR,First Solar Inc,40.45,1.55,3.98%,39.1,41.01,39.1,1368700,4/9/2020
FTDR,Frontdoor Inc,36.18,1.81,5.27%,34.89,36.37,34.01,842900,4/9/2020
FTNT,Fortinet Inc,101.93,-7.25,-6.64%,109.79,109.79,100.65,2473500,4/9/2020
FTV,Fortive Corp,61.04,0.4,0.66%,61.35,62.95,60.43,1419600,4/9/2020
FWONA,Liberty Media F1 Series A,23.78,1.46,6.54%,23.04,23.94,22.83,215900,4/9/2020
FWONK,Liberty Media F1 Series K,24.92,1.45,6.18%,24.39,25.21,23.8,4319700,4/9/2020
G,Genpact Ltd,30.22,1.04,3.56%,29.48,31.31,29.48,1158500,4/9/2020
GD,General Dynamics Corp,141.01,3.62,2.63%,140.35,142.46,138.61,2273700,4/9/2020
GDDY,Godaddy Inc,62.54,1.38,2.26%,61.95,63.83,61.46,1144200,4/9/2020
GE,General Electric Company,7.14,-0.16,-2.19%,7.45,7.54,7.09,128361695,4/9/2020
GGG,Graco Inc,47.97,-0.51,-1.05%,49.19,49.29,47.6,848700,4/9/2020
GH,Guardant Health Inc,68.87,4.34,6.73%,67.3,69,65.15,906400,4/9/2020
GHC,Graham Holdings Company,391.75,35.83,10.07%,364.28,393.44,358,26600,4/9/2020
GILD,Gilead Sciences Inc,73.51,-1.48,-1.97%,74.37,74.6,72.95,12821000,4/9/2020
GIS,General Mills,57.4,1.67,3.00%,55.47,57.99,55.37,4270100,4/9/2020
GL,Globe Life Inc,80.4,5.19,6.90%,76.07,81.27,75.94,668400,4/9/2020
GLIBA,Gci Liberty Inc Cl A,59.11,0.41,0.70%,59.97,60.95,57.73,541000,4/9/2020
GLPI,Gaming & Leisure,28.44,2.01,7.60%,27.7,29.88,27.09,2586300,4/9/2020
GLW,Corning Inc,21.18,0.61,2.97%,20.64,21.63,20.62,6053200,4/9/2020
GM,General Motors Company,24.06,0.93,4.02%,24.16,24.99,23.58,22490398,4/9/2020
GNTX,Gentex Corp,23.9,0.18,0.76%,24.1,24.91,23.87,2183400,4/9/2020
GO,Grocery Outlet Holding Corp,33.86,-1.91,-5.34%,35.8,36.23,33.82,1047800,4/9/2020
GOOG,Alphabet Cl C,1211.45,1.17,0.10%,1224.08,1225.57,1196.73,2175400,4/9/2020
GOOGL,Alphabet Cl A,1206.57,-0.43,-0.04%,1218.18,1221.99,1192.42,2701400,4/9/2020
GPC,Genuine Parts Company,71.67,-1.58,-2.16%,74.87,76.21,70.89,1845700,4/9/2020
GPK,Graphic Packaging Holding Company,13.06,0.12,0.93%,13.05,13.41,12.86,3944800,4/9/2020
GPN,Global Payments Inc,151.03,1.74,1.17%,151.94,155.3,148.61,1606600,4/9/2020
GPS,Gap Inc,9.09,1.24,15.80%,8.35,9.39,8.25,18870201,4/9/2020
GRA,W.R. Grace & Company,42.27,2.29,5.73%,40.88,43.52,40.88,531000,4/9/2020
GRMN,Garmin Ltd,78.65,1.29,1.67%,78.77,79.74,77.61,1326900,4/9/2020
GRUB,Grubhub Inc,45.09,1.35,3.09%,44.95,46.98,44.17,3077900,4/9/2020
GS,Goldman Sachs Group,184.26,7.3,4.13%,180.58,187.33,179.77,6449800,4/9/2020
GT,Goodyear Tire Rubber,7.69,0.75,10.81%,7.42,7.83,7.32,7732200,4/9/2020
GTES,Gates Industrial Corp Plc,7.95,0.16,2.05%,7.99,8.09,7.64,342400,4/9/2020
GWRE,Guidewire Software Inc,83.41,0.03,0.04%,84.32,84.71,81.78,1103400,4/9/2020
GWW,W.W. Grainger,279.87,9.47,3.50%,274.94,282.21,273.36,447000,4/9/2020
H,Hyatt Hotels Corp,53.16,1.76,3.42%,54.45,56.67,52.1,1742000,4/9/2020
HAIN,Hain Celestial Group,25.4,-0.1,-0.39%,25.58,25.9,24.95,1289800,4/9/2020
HAL,Halliburton Company,8.21,-0.54,-6.17%,9.62,9.73,7.97,62400000,4/9/2020
HAS,Hasbro Inc,75.67,1.52,2.05%,75.22,78.25,74.26,1508400,4/9/2020
HBAN,Huntington Bcshs,9.02,0.21,2.44%,9.12,9.57,8.84,20653301,4/9/2020
HBI,Hanesbrands Inc,9.57,0.36,3.91%,9.8,10.24,9.37,10998400,4/9/2020
HCA,Hca Holdings Inc,108.06,0,0.00%,108.73,112.18,105.63,3551600,4/9/2020
HD,Home Depot,201.53,6.71,3.44%,199.8,205.99,196.5,7125700,4/9/2020
HDS,HD Supply Hlds Cmm,32.07,0.97,3.12%,31.76,32.99,31.27,1884400,4/9/2020
HE,Hawaiian Electric Industries,45.6,2,4.59%,44.01,46.66,43.61,625200,4/9/2020
HEI,Heico Corp,82,-2.69,-3.18%,87.71,89.33,81.77,1051900,4/9/2020
HEI.A,Heico Cp Cl A,72.76,0.06,0.08%,75.36,76.25,72.3,304800,4/9/2020
HES,Hess Corp,40.38,1.2,3.06%,41.32,43.8,38.55,5153200,4/9/2020
HFC,Hollyfrontier Corp,26.42,-0.21,-0.79%,27.79,28.2,25.27,2622900,4/9/2020
HGV,Hilton Grand Vacations Inc,17.45,-0.11,-0.63%,18.68,19.11,17.18,1614300,4/9/2020
HHC,Howard Hughes Corp,59.35,2.1,3.67%,60.62,62.85,57.57,929100,4/9/2020
HIG,Hartford Financial Services Group,41.88,3.18,8.22%,39.74,42.05,39.72,4670700,4/9/2020
HII,Huntington Ingalls Industries,192.39,-3.05,-1.56%,198,198.89,190.87,436800,4/9/2020
HIW,Highwoods Properties,39.4,1.78,4.73%,38.87,40.12,38.27,1155700,4/9/2020
HLF,Herbalife Ltd,30.21,-0.34,-1.11%,31,32.44,30.1,2568800,4/9/2020
HLT,Hilton Inc,68.45,-1.64,-2.34%,70.22,73.21,68.11,7537400,4/9/2020
HOG,Harley-Davidson Inc,21.13,2.28,12.10%,19.68,21.85,19.37,5212600,4/9/2020
HOLX,Hologic Inc,41.11,1.73,4.39%,40.17,41.67,40.01,3092100,4/9/2020
HON,Honeywell International Inc,143.43,4.18,3.00%,140,146.3,139.7,4365200,4/9/2020
HP,Helmerich & Payne,19.18,0.41,2.18%,20.1,21.33,17.95,3234700,4/9/2020
HPE,Hewlett Packard Enterprise Comp,10.53,0.3,2.93%,10.44,10.8,10.42,12500601,4/9/2020
HPP,Hudson Pacific Properties,27.15,0.9,3.43%,26.95,27.68,26.56,2458900,4/9/2020
HPQ,HP Inc,15.97,0.25,1.59%,16.03,16.49,15.83,14773100,4/9/2020
HRB,H&R Block,14.99,0.43,2.95%,14.99,15.67,14.84,3924100,4/9/2020
HRC,Hill-Rom Holdings Inc,111.13,-1.4,-1.24%,113.02,114.91,110.56,857500,4/9/2020
HRL,Hormel Foods Corp,47.54,0.17,0.36%,46.76,48.52,46.57,2933300,4/9/2020
HSIC,Henry Schein Inc,52.25,-0.12,-0.23%,52.86,54.51,51.44,1665800,4/9/2020
HST,Host Marriott Financial Trust,11.91,0.65,5.77%,11.82,12.3,11.5,11532100,4/9/2020
HSY,Hershey Foods Corp,143.91,1.2,0.84%,142.77,147.35,142.73,952500,4/9/2020
HTA,Healthcare Trust of America,27.35,1.89,7.42%,26.04,27.5,25.76,3174600,4/9/2020
HUBB,Hubbell Inc B,124.44,4.38,3.65%,122.52,126.01,121.69,235800,4/9/2020
HUBS,Hubspot Inc,141.9,2.38,1.71%,142.71,154.09,136.13,1468700,4/9/2020
HUM,Humana Inc,341.9,4.64,1.38%,336.76,345.24,332.48,2190100,4/9/2020
HUN,Huntsman Corp,16.82,1.19,7.61%,15.98,17.24,15.52,2401200,4/9/2020
HXL,Hexcel Corp,35.42,-0.96,-2.64%,37.96,39.32,34.92,2801700,4/9/2020
HZNP,Horizon Therapeutics,31.03,-0.19,-0.61%,31.54,32,30.17,1997400,4/9/2020
IAA,Iaa Inc,32,3.17,11.00%,29.38,34.84,29.1,2492600,4/9/2020
IAC,Iac Interactive,195.01,-2.64,-1.34%,200.05,202.51,192.27,2037200,4/9/2020
IART,Integra Lifesciences,48.86,1.06,2.22%,48.44,49.29,47.62,470900,4/9/2020
IBKR,Interactive Brokers,45.53,0.33,0.73%,46.65,47.35,44.83,460600,4/9/2020
IBM,International Business Machines,121.5,2.21,1.85%,120.48,122.92,120.17,5576800,4/9/2020
ICE,Intercontinental Exchange,87.38,2.04,2.39%,86.2,87.86,85.86,4285600,4/9/2020
ICUI,I C U Medical Inc,207.96,0.52,0.25%,208.25,211.7,202.17,221200,4/9/2020
IDA,Idacorp Inc,97.8,2.17,2.27%,97.35,99.37,94.73,319200,4/9/2020
IDXX,Idexx Laboratories,258.58,3.85,1.51%,256.02,261.06,252.87,633200,4/9/2020
IEX,Idex Corp,151.52,0.52,0.34%,152.66,155.28,150.61,573000,4/9/2020
IFF,International Flavors & Fragrances,127.37,6.12,5.05%,120.82,130.47,120.72,1544000,4/9/2020
IGT,International Game Technology,6.54,0.35,5.65%,6.58,6.94,6.37,3251900,4/9/2020
ILMN,Illumina Inc,287.62,6.63,2.36%,281.56,287.76,279.46,1201200,4/9/2020
INCY,Incyte Corp,86.81,-0.94,-1.07%,87.34,87.99,85.17,1810400,4/9/2020
INFO,IHS Markit Ltd,65.47,1.1,1.71%,64.93,66.18,64.57,2419600,4/9/2020
INGR,Ingredion Inc,82.1,1.93,2.41%,80.76,83.37,80.46,538700,4/9/2020
INTC,Intel Corp,57.14,-1.84,-3.12%,59.36,59.72,56.06,40515398,4/9/2020
INTU,Intuit Inc,252.1,6.17,2.51%,246.81,254.94,245.87,1646800,4/9/2020
INVH,Invitation Homes Inc,24.31,1.26,5.47%,23.64,24.67,23.44,5019300,4/9/2020
IONS,Ionis Pharmaceuticals,53,0.5,0.95%,52.06,53.39,52.06,559100,4/9/2020
IP,International Paper Company,34.17,1.05,3.17%,33.49,34.9,33.36,4155900,4/9/2020
IPG,Interpublic Group of Companies,16.28,0.38,2.39%,16.27,16.67,15.99,5048100,4/9/2020
IPGP,Ipg Photonics Corp,119.05,1.74,1.48%,117.25,121.12,115.51,479900,4/9/2020
IQV,Iqvia Holdings Inc,128.53,0.66,0.52%,128.3,132.18,127.7,1522800,4/9/2020
IR,Ingersoll Rand Inc.,26.5,0.8,3.11%,26.15,27.51,25.87,3299700,4/9/2020
IRM,Iron Mountain Inc,27.11,1.16,4.47%,26.5,28.41,26.25,7548000,4/9/2020
ISRG,Intuitive Surg Inc,503.79,-6.71,-1.31%,511.69,515.2,490.75,1391300,4/9/2020
IT,Gartner Inc,106.89,1.92,1.83%,105.87,108.4,104.8,643400,4/9/2020
ITT,ITT Inc,51.22,0.6,1.19%,51.88,52.87,50.22,1131800,4/9/2020
ITW,Illinois Tool Works Inc,159.28,0.48,0.30%,160.64,164.25,158.26,1752200,4/9/2020
IVZ,Invesco Plc,9.86,0.39,4.12%,9.85,10.36,9.58,8473101,4/9/2020
J,Jacobs Engineering Group Inc,81.31,0.37,0.46%,81.87,83.86,79.65,1779200,4/9/2020
JAZZ,Jazz Pharma Plc,109.69,1.22,1.12%,109.09,111.3,107.81,388700,4/9/2020
JBGS,Jbg Smith Properties,33.02,1.77,5.66%,31.94,33.89,31.94,692900,4/9/2020
JBHT,J B Hunt Transport,99.19,0.36,0.36%,100.22,103.04,97.52,1020200,4/9/2020
JBL,Jabil Circuit,26.41,0.44,1.69%,26.47,27.29,26.01,1541600,4/9/2020
JBLU,Jetblue Airways Cp,9.5,0.47,5.20%,9.75,10.31,9.14,17219600,4/9/2020
JCI,Johnson Controls Intl,30.6,1.29,4.40%,29.63,31.34,29.61,8105400,4/9/2020
JEF,Jefferies Financial Group Inc,14.17,-0.01,-0.07%,14.57,15.14,13.91,2408700,4/9/2020
JHG,Janus Henderson Group Plc,16.27,-0.02,-0.12%,16.72,17.29,15.97,1898100,4/9/2020
JKHY,Jack Henry & Assoc,170.16,0.78,0.46%,170.68,171.97,169.2,427000,4/9/2020
JLL,Jones Lang Lasalle Inc,115.37,4.12,3.70%,114.39,119,112.08,470500,4/9/2020
JNJ,Johnson & Johnson,141.23,-2.03,-1.42%,144.01,145.42,140.28,11127200,4/9/2020
JNPR,Juniper Networks,21.67,-0.58,-2.61%,22.36,22.52,21.47,3933900,4/9/2020
JPM,JP Morgan Chase & Company,102.76,8.46,8.97%,96.92,104.39,96.89,42084602,4/9/2020
JW.A,John Wiley Sons Cl A,37.47,-3.57,-8.70%,41.67,42.31,36.02,548900,4/9/2020
JWN,Nordstrom,21.32,2.32,12.21%,20.8,21.94,20.25,9866000,4/9/2020
K,Kellogg Company,62.74,1.28,2.08%,60.98,64,60.98,2618200,4/9/2020
KAR,Kar Auction Services Inc,13.93,0.45,3.34%,13.81,14.75,13.77,1930000,4/9/2020
KDP,Keurig Dr Pepper Inc,26.86,0.25,0.94%,26.8,27.6,26.46,2353500,4/9/2020
KEX,Kirby Corp,49.53,0.74,1.52%,50.46,52.08,47.87,658600,4/9/2020
KEY,Keycorp,12.01,0.68,6.00%,11.95,12.37,11.71,20270400,4/9/2020
KEYS,Keysight Technologies Inc Comm,92.1,1.1,1.21%,91.06,93.27,90.38,1040000,4/9/2020
KHC,Kraft Heinz Company,28.11,0.79,2.89%,27.35,28.5,27.35,11111900,4/9/2020
KIM,Kimco Realty Corp,10.82,1.19,12.36%,10.18,11.24,10.18,10279000,4/9/2020
KLAC,K L A-Tencor Corp,150.12,-2.25,-1.48%,152.15,157.87,148.49,1303800,4/9/2020
KMB,Kimberly-Clark Corp,131.49,-1.15,-0.87%,132.17,136.33,130.52,2256900,4/9/2020
KMI,Kinder Morgan,15.36,0.53,3.57%,15.2,15.89,14.9,17469799,4/9/2020
KMPR,Kemper Corp,72.99,4.95,7.28%,69,73.28,68.98,387900,4/9/2020
KMX,Carmax Inc,66.5,3.28,5.19%,64.97,70.26,64.5,2834100,4/9/2020
KNX,Knight-Swift Transporation Inc,35.03,1.19,3.52%,34.09,35.17,33.84,2205200,4/9/2020
KO,Coca-Cola Company,49,1.18,2.47%,48.44,49.73,48.35,19167199,4/9/2020
KOS,Kosmos Energy Ltd,0.93,0.0111,1.21%,0.94,1.0377,0.8835,17042100,4/9/2020
KR,Kroger Company,31.06,0.04,0.13%,30.33,31.3,30.01,17331600,4/9/2020
KRC,Kilroy Realty Corp,66.05,2.85,4.51%,64.7,66.89,64.55,1098500,4/9/2020
KSS,Kohl's Corp,19.91,2.39,13.64%,18.88,21.28,18.81,16693600,4/9/2020
KSU,Kansas City Southern,136.6,-3.15,-2.25%,132.17,141.46,132.17,2242100,4/9/2020
L,Loews Corp,39.42,1.45,3.82%,38.43,40.47,38.43,1474500,4/9/2020
LAMR,Lamar Advertis A,50.65,2.5,5.19%,51.24,53.84,49.51,1394100,4/9/2020
LAZ,Lazard Ltd,26.86,0.22,0.83%,26.64,28.09,26.17,526600,4/9/2020
LB,L Brands Inc,14.93,0.35,2.40%,15.65,16.96,14.69,12328700,4/9/2020
LBRDA,Liberty Broadbd A,111.63,0.74,0.67%,112.51,112.82,110.45,68000,4/9/2020
LBRDK,Liberty Broadbd C,115.48,0.25,0.22%,116.88,116.91,113.72,388300,4/9/2020
LDOS,Leidos Holdings Inc,95.46,0.02,0.02%,96.22,98.23,94.75,1083800,4/9/2020
LEA,Lear Corp,91.15,2.06,2.31%,92.55,94,90.43,540400,4/9/2020
LECO,Lincoln Elec Hld,78.1,0.38,0.49%,79.22,80.7,76.7,328600,4/9/2020
LEG,Leggett & Platt Inc,29.88,1.11,3.86%,29.68,30.67,29.11,1669100,4/9/2020
LEN,Lennar Corp,44.8,1.44,3.32%,45.1,47.83,44,5443700,4/9/2020
LEN.B,Lennar Corp Cl B,33.78,1.18,3.62%,33.74,36.1,33.2,172200,4/9/2020
LFUS,Littelfuse Inc,138.05,0.05,0.04%,141.03,145.05,137,157400,4/9/2020
LGF.A,Lions Gate Entertainment Corp Cl A,6.29,0.4,6.79%,6.03,6.58,6.03,1268600,4/9/2020
LGF.B,Lions Gate Entertainment Corp Cl B,5.82,0.3,5.43%,5.59,6.13,5.59,759900,4/9/2020
LH,Laboratory Corp of America Holdings,146.8,5.64,4.00%,144.67,149.66,142,1515800,4/9/2020
LHX,L3Harris Technologies Inc,190.79,5.59,3.02%,186.37,194.24,186.03,1873400,4/9/2020
LII,Lennox International,204.29,8.61,4.40%,200,212.32,197.3,384700,4/9/2020
LIN,Linde Plc,189.48,2.54,1.36%,183.31,190.05,183.25,3206900,4/9/2020
LKQ,LKQ Corp,22.53,0.53,2.41%,22.66,23.5,22.17,2491700,4/9/2020
LLY,Eli Lilly and Company,145.73,-0.49,-0.34%,144.51,146.4,143.55,4415500,4/9/2020
LM,Legg Mason Inc,49.1,-0.15,-0.30%,49.3,49.5,48.91,2364500,4/9/2020
LMT,Lockheed Martin Corp,371,9.59,2.65%,369.74,376.33,363.52,1629300,4/9/2020
LNC,Lincoln National Corp,34.29,1.73,5.31%,34.43,36.93,32.95,3851100,4/9/2020
LNG,Cheniere Energy,38.58,2.07,5.67%,37.76,39.66,36.94,3034200,4/9/2020
LNT,Alliant Energy Corp,53.14,1.91,3.73%,51.51,54.45,51.51,1351200,4/9/2020
LOGM,Logmein Inc,84.7,0.53,0.63%,84.4,84.96,84.02,1025900,4/9/2020
LOPE,Grand Canyon Educati,76.3,0.83,1.10%,77.32,77.32,74.66,485500,4/9/2020
LOW,Lowe's Companies,95.31,0.96,1.02%,96.44,98.39,94.77,6543900,4/9/2020
LPLA,Lpl Financial Hld,57.58,3.13,5.75%,55.73,58.92,54.46,1232600,4/9/2020
LRCX,Lam Research Corp,258.28,-8.47,-3.18%,271.7,277.42,255.76,2620600,4/9/2020
LSI,Life Storage,102.32,3.83,3.89%,100.67,103.76,99.56,509400,4/9/2020
LSTR,Landstar System,104.09,3.9,3.89%,100.45,104.94,100.45,436100,4/9/2020
LSXMA,Liberty Srs XM CS A,32.05,0.28,0.88%,32.26,33.74,31.52,864300,4/9/2020
LSXMK,Liberty Srs XM CS C,32.34,0.38,1.19%,32.34,34.13,31.81,984800,4/9/2020
LULU,Lululemon Athletica,203.51,7.5,3.83%,199.64,206,198.48,1898300,4/9/2020
LUV,Southwest Airlines Company,36.47,2.17,6.33%,36.3,37.31,35.13,10383600,4/9/2020
LVS,Las Vegas Sands,47.86,1.31,2.81%,48.41,49.89,46.15,7266000,4/9/2020
LW,Lamb Weston Holdings Inc,58.4,0.65,1.13%,58.71,62.27,58.01,2046800,4/9/2020
LYB,Lyondellbasell Industries NV,58.93,3.46,6.24%,56.56,59.97,55.66,3735100,4/9/2020
LYFT,Lyft Inc Cl A,30.33,0.69,2.33%,30.28,32.3,29.81,11335801,4/9/2020
LYV,Live Nation Entertainment,38.27,0.51,1.35%,40.84,40.88,37.86,6288200,4/9/2020
M,Macy's Inc,6.66,0.65,10.82%,6.52,7.18,6.44,51668199,4/9/2020
MA,Mastercard Inc,269.4,-1.55,-0.57%,275.13,276,267.72,6662900,4/9/2020
MAA,Mid-America Apartment Communities,116.65,5.72,5.16%,112.35,119.49,112.35,1328600,4/9/2020
MAC,Macerich Company,9.42,1.3,16.01%,8.93,10.89,8.89,13801700,4/9/2020
MAN,Manpower Inc,61.8,0.86,1.41%,61.84,63.21,60.86,660100,4/9/2020
MANH,Manhattan Assoc,57.75,3.66,6.77%,55.87,58.7,54.19,899500,4/9/2020
MAR,Marriot Int Cl A,81.31,-1.22,-1.48%,86.04,89.03,79.67,10342899,4/9/2020
MAS,Masco Corp,40.37,0.83,2.10%,39.68,40.9,39.68,3166000,4/9/2020
MASI,Masimo Corp,185.42,0.24,0.13%,185.71,187.98,182,474700,4/9/2020
MAT,Mattel Inc,9.3,0.8,9.41%,8.65,9.63,8.65,7259700,4/9/2020
MCD,McDonald's Corp,183.7,6.21,3.50%,180.73,185.46,179.62,4901800,4/9/2020
MCHP,Microchip Technology,78.45,-1.07,-1.35%,79.5,83.89,77.86,6068300,4/9/2020
MCK,Mckesson Corp,133.32,1.76,1.34%,132.16,135.84,130.61,1857000,4/9/2020
MCO,Moody's Corp,241.68,15.16,6.69%,228.88,248.18,228.13,2129400,4/9/2020
MCY,Mercury General Corp,41.44,0.14,0.34%,42.01,42.97,40.79,331200,4/9/2020
MD,Mednax Inc,14,0.03,0.21%,14.57,14.79,13.81,1456900,4/9/2020
MDB,Mongodb Inc Cl A,140.34,5.02,3.71%,138.28,140.88,137,1125500,4/9/2020
MDLA,Medallia Inc,20,0.65,3.36%,19.49,20.98,19.49,2569400,4/9/2020
MDLZ,Mondelez Intl Inc,52.34,0.55,1.06%,51.79,53.6,51.7,7989900,4/9/2020
MDT,Medtronic Inc,101.03,1.75,1.76%,99.5,102.48,99.27,8080400,4/9/2020
MDU,Mdu Res Group Inc,24.68,1.15,4.89%,24.01,24.96,24.01,1221100,4/9/2020
MET,Metlife Inc,35.46,1.99,5.95%,34.41,36.36,34.41,10681800,4/9/2020
MFA,MFA Financial Inc,1.98,0.21,11.86%,2.26,2.43,1.68,158532891,4/9/2020
MGM,MGM Resorts International,14.55,-0.45,-3.00%,16.24,16.44,14.05,40500500,4/9/2020
MHK,Mohawk Industries,88.01,2.92,3.43%,87.26,90.94,86.25,941100,4/9/2020
MIC,Macquarie Infrastructure Company Trust,24,1.83,8.25%,23.5,24.43,22.61,2095000,4/9/2020
MIDD,Middleby Corp,58.08,2.21,3.96%,57.78,60.24,57.01,1436000,4/9/2020
MKC,Mccormick & Company Inc,154.3,5.2,3.49%,148.53,154.95,148.53,779300,4/9/2020
MKL,Markel Corp,1005.4,25.02,2.55%,982,1022.79,982,56100,4/9/2020
MKSI,Mks Instruments Inc,86.52,-3.34,-3.72%,92.61,93.46,85.8,492200,4/9/2020
MKTX,Marketaxess Holdings,403.35,7.73,1.95%,399.3,405.29,397.49,221100,4/9/2020
MLM,Martin Marietta Materials,208.19,11.42,5.80%,199.81,214.5,199.81,1024700,4/9/2020
MMC,Marsh & Mclennan Companies,96.61,3,3.20%,94.51,97,94.2,3061800,4/9/2020
MMM,3M Company,147.78,-1.21,-0.81%,148.46,149.73,146.54,4784200,4/9/2020
MNST,Monster Beverage Cp,60.51,0.25,0.41%,60.48,61.35,59.83,2559200,4/9/2020
MO,Altria Group,40.91,0.78,1.94%,40.13,41.54,40.13,8933800,4/9/2020
MOH,Molina Healthcare Inc,153.28,-4.28,-2.72%,157.84,161.01,152.57,547200,4/9/2020
MORN,Morningstar Inc,124.15,0.95,0.77%,125.12,125.12,120.35,174000,4/9/2020
MOS,Mosaic Company,12.97,1.17,9.92%,12.26,13.41,12.16,7787200,4/9/2020
MPC,Marathon Petroleum Corp,25.63,1.32,5.43%,26.07,27.27,24.03,15625700,4/9/2020
MPW,Medical Properties Trust,18.29,0.17,0.94%,18.76,19.16,18.12,10856899,4/9/2020
MPWR,Monolithic Power Sys,167.93,-5.55,-3.20%,175.75,176.82,165.03,416800,4/9/2020
MRK,Merck & Company,82.49,0.87,1.07%,81.17,83.29,80.18,13241500,4/9/2020
MRNA,Moderna Inc,31.86,-0.56,-1.73%,32.55,32.92,31.32,4861700,4/9/2020
MRO,Marathon Oil Corp,4.12,0.17,4.30%,4.35,4.55,3.82,100806094,4/9/2020
MRVL,Marvell Tech Group,24.28,-0.46,-1.86%,25.09,25.28,23.88,9993500,4/9/2020
MS,Morgan Stanley,41.08,1.71,4.34%,40.26,41.85,40.18,21904299,4/9/2020
MSCI,MSCI Inc,310.69,13.51,4.55%,298.93,313.26,298.8,941600,4/9/2020
MSFT,Microsoft Corp,165.14,0.01,0.01%,166.36,167.37,163.33,51431699,4/9/2020
MSG,The Madison Square Garden Comp,242.15,5.31,2.24%,241.63,251.35,237.15,379200,4/9/2020
MSI,Motorola Solutions,152.89,5.12,3.46%,149.24,153.47,147.59,1236700,4/9/2020
MSM,Msc Industrial Direct Company,60.21,-1,-1.63%,62.51,63.49,58.12,1225900,4/9/2020
MTB,M&T Bank Corp,114.75,7.11,6.61%,110.83,115.16,109.44,1221500,4/9/2020
MTCH,Match Group Inc CS,68.11,-1.1,-1.59%,70.31,71,66.66,2457800,4/9/2020
MTD,Mettler-Toledo International,727.42,-13.57,-1.83%,730.2,738.56,712.68,186100,4/9/2020
MTG,Mgic Investment Corp,7.44,0.64,9.41%,7.25,7.5,6.85,12559700,4/9/2020
MTN,Vail Resorts,164.69,6.97,4.42%,162,168.48,160.09,552900,4/9/2020
MU,Micron Technology,46.13,-2.16,-4.47%,49.3,49.81,45.35,39840398,4/9/2020
MUR,Murphy Oil Corp,7.91,0.58,7.91%,8.06,9.18,7.08,13823101,4/9/2020
MXIM,Maxim Integrated,51.79,-1.53,-2.87%,53.33,54.43,51.31,2654100,4/9/2020
MYL,Mylan NV Ord Shs,16.08,0.94,6.21%,15.45,16.54,15.45,9791900,4/9/2020
NATI,Natl Instruments Cor,35.66,-0.04,-0.11%,36.22,36.51,35.26,471900,4/9/2020
NAVI,Navient Cp,8.28,0.63,8.30%,8.26,8.65,8.01,2664700,4/9/2020
NBIX,Neurocrine Bioscienc,96.68,0.65,0.68%,97.07,98,95.44,565000,4/9/2020
NBL,Noble Energy Inc,7.51,0.29,4.02%,7.8,8.56,6.83,17014201,4/9/2020
NCLH,Norwegian Cruise Ord,13.11,1.39,11.86%,12.72,14.18,12.25,53319898,4/9/2020
NCR,NCR Corp,20.02,1.02,5.37%,19.27,20.58,19.06,3706000,4/9/2020
NDAQ,Nasdaq Inc,107.92,3.79,3.64%,104.78,108.59,104.78,740500,4/9/2020
NDSN,Nordson Corp,152.6,5.26,3.57%,149.14,152.94,148.43,242000,4/9/2020
NEE,Nextera Energy,245.28,11.78,5.04%,235.84,250.87,235.38,4896900,4/9/2020
NEM,Newmont Mining Corp,57.31,6.78,13.42%,51.13,57.7,51.13,15206600,4/9/2020
NEU,Newmarket Corp,403.88,8.88,2.25%,398.69,408.27,392.31,48900,4/9/2020
NEWR,New Relic Inc,51.52,1.11,2.20%,51.46,53.42,50.28,728100,4/9/2020
NFG,National Fuel Gas Company,39.2,1.12,2.94%,38.9,39.94,38.28,572100,4/9/2020
NFLX,Netflix Inc,370.72,-0.4,-0.11%,371.06,372.1,363.03,7711200,4/9/2020
NI,NiSource Inc,26.58,1.11,4.36%,25.76,27.05,25.76,2784600,4/9/2020
NKE,Nike Inc,86.79,1.49,1.75%,86.69,87.39,85.16,7773900,4/9/2020
NKTR,Nektar Therapeutics,18.78,0.34,1.84%,18.7,19.21,18.33,1709000,4/9/2020
NLOK,Nortonlifelock Inc.,19.37,-0.21,-1.07%,19.33,19.82,18.84,5267200,4/9/2020
NLSN,Nielsen Holdings Plc,14.14,-0.76,-5.10%,15.21,15.5,13.98,6165500,4/9/2020
NLY,Annaly Capital Management Inc,6.07,0.32,5.57%,6.33,6.74,5.83,47885797,4/9/2020
NNN,National Retail Properties,35.38,3.08,9.54%,33.79,37.39,33.43,2240500,4/9/2020
NOC,Northrop Grumman Corp,336.65,6.98,2.12%,334.61,339.12,330.65,1115800,4/9/2020
NOV,National-Oilwell,11.6,-0.08,-0.68%,12.32,12.74,11.3,5659300,4/9/2020
NOW,Servicenow Inc,278.06,4.01,1.46%,276.08,285.12,274.61,2754200,4/9/2020
NRG,NRG Energy,30.76,1.31,4.45%,30.22,31.8,30.15,4053000,4/9/2020
NRZ,New Residential Investment Corp,5.75,0.64,12.52%,5.95,6.83,5.35,33685699,4/9/2020
NSC,Norfolk Southern Corp,159.3,0.33,0.21%,160.36,164.67,157.02,2214100,4/9/2020
NTAP,Netapp Inc,42.73,1.75,4.27%,41.43,43.82,41.39,2471900,4/9/2020
NTNX,Nutanix Inc,16.35,-0.15,-0.91%,16.97,17.27,16.15,4084500,4/9/2020
NTRS,Northern Trust Corp,84.89,1.51,1.81%,84.88,86.48,83.49,2148000,4/9/2020
NUAN,Nuance Communicatns,16.99,0.39,2.35%,16.83,17.37,16.62,3466700,4/9/2020
NUE,Nucor Corp,39.43,0.38,0.97%,39.88,40.91,38.81,3479100,4/9/2020
NUS,Nu Skin Enterprises,22.17,-0.43,-1.90%,23.31,23.96,22.09,1058600,4/9/2020
NVDA,Nvidia Corp,262.95,-4,-1.50%,272,272.92,260.42,13156100,4/9/2020
NVR,NVR Inc,2928.01,-6.64,-0.23%,2999.33,3207.62,2880,27400,4/9/2020
NVST,Envista Holdings Corp,17.54,1.14,6.95%,16.75,18.24,16.74,3157700,4/9/2020
NVT,Nvent Electric Plc,18,0.18,1.01%,18.27,19.24,17.92,1149200,4/9/2020
NWL,Newell Rubbermaid Inc,14.15,0.68,5.05%,13.63,14.44,13.63,5238200,4/9/2020
NWS,News Cp Cl B,9.69,0.55,6.02%,9.33,9.73,9.22,796600,4/9/2020
NWSA,News Cp Cl A,9.49,0.54,6.03%,9.12,9.61,9.05,5212100,4/9/2020
NXST,Nexstar Broadcasting,62.8,-1.7,-2.64%,68.15,69.68,61.08,903800,4/9/2020
NYCB,New York Community Bancorp,10.57,0.94,9.76%,9.82,10.64,9.71,3987500,4/9/2020
NYT,New York Times Company,30.73,-1.21,-3.79%,32.37,32.77,30.63,3189100,4/9/2020
O,Realty Income Corp,56.68,3.55,6.68%,55.87,60.73,55.54,4976700,4/9/2020
OC,Owens Corning Inc,44.1,2.94,7.14%,41.61,44.55,41.38,1639800,4/9/2020
ODFL,Old Dominion Freight Line Inc.,135.15,-3.15,-2.28%,139.41,140.26,134.48,1319100,4/9/2020
OFC,Corporate Office Properties,26.22,2.33,9.75%,24.58,26.25,24.44,1318600,4/9/2020
OGE,Oge Energy Corp,32.52,1.23,3.93%,32.03,33.77,31.87,1524500,4/9/2020
OHI,Omega Healthcare Investors,34.59,2.47,7.69%,33,35.59,32.91,4436300,4/9/2020
OI,Owens-Illinois,7.55,0.19,2.58%,7.84,8.53,7.47,3596300,4/9/2020
OKE,Oneok Inc,28.4,1.95,7.37%,28.59,30.29,27.24,10659600,4/9/2020
OKTA,Okta Inc Cl A,130.96,2.87,2.24%,129.14,133.44,128,2347900,4/9/2020
OLED,Universal Display,138.36,-1.16,-0.83%,141.78,144.99,137.14,435300,4/9/2020
OLLI,Ollies Bargain CS,54.64,1.39,2.61%,54.63,56.83,54.01,1250900,4/9/2020
OLN,Olin Corp,15.1,1.65,12.27%,13.87,15.39,13.75,3686400,4/9/2020
OMC,Omnicom Group Inc,56.8,2.13,3.90%,55.6,57.66,55.45,2532300,4/9/2020
OMF,Onemain Holdings Inc,22.29,2.17,10.79%,21.59,23.07,21.17,2497800,4/9/2020
ON,On Semiconductor,13.73,0,0.00%,14.1,14.69,13.58,13127000,4/9/2020
ORCL,Oracle Corp,53.18,1.05,2.01%,52.24,53.62,52.03,15521500,4/9/2020
ORI,Old Republic International Corp,17.06,0.73,4.47%,16.63,17.41,16.53,2144100,4/9/2020
ORLY,O'Reilly Automotive,342.44,2.41,0.71%,342.95,351.96,338.25,867000,4/9/2020
OSK,Oshkosh Truck Corp,65.74,1.84,2.88%,65.44,66.2,63.51,1479400,4/9/2020
OUT,Outfront Media Inc,14.3,1.11,8.42%,13.71,14.94,13.71,2882300,4/9/2020
OXY,Occidental Petroleum Corp,15.36,-0.2,-1.29%,16.7,18.27,14.27,110851102,4/9/2020
OZK,Bank Ozk,19.85,1.62,8.89%,18.66,20.05,18.5,1499200,4/9/2020
PACW,Pacwest Bancorp,20.52,1.25,6.49%,20.22,20.87,19.76,1497000,4/9/2020
PAG,Penske Automotive Group,33.54,1.8,5.67%,32.5,35.95,32.5,620900,4/9/2020
PANW,Palo Alto Networks Inc,177.88,1.72,0.98%,178.87,184.45,177.34,1976200,4/9/2020
PAYC,Paycom Software Inc,221.99,19.41,9.58%,209.3,230.77,207.08,2279300,4/9/2020
PAYX,Paychex Inc,66.54,1.48,2.27%,66.23,67.69,65.74,2877300,4/9/2020
PB,Prosperity Bancshares,54,2.29,4.43%,53.13,55.45,52.3,806800,4/9/2020
PBCT,People's United Finl,12.3,1.1,9.82%,11.49,12.39,11.49,4545400,4/9/2020
PBF,PBF Energy Inc,7.71,-0.04,-0.52%,8.53,8.81,7.34,5027100,4/9/2020
PCAR,Paccar Inc,67.27,0.81,1.22%,67.02,68.15,65.88,1989800,4/9/2020
PCG,Pacific Gas & Electric Company,11.99,1.09,10.00%,11.46,12.6,11.06,19683199,4/9/2020
PCTY,Paylocity Hld Corp,101.01,7.28,7.77%,95.39,104.14,94.84,1370900,4/9/2020
PD,Pagerduty Inc,18.39,0.26,1.43%,18.29,19.27,18.07,1835000,4/9/2020
PE,Parsley Energy,7.32,-0.19,-2.53%,8.12,8.35,6.83,17416900,4/9/2020
PEAK,Healthpeak Properties Inc.,28.35,1.67,6.26%,27.55,28.62,27.33,6512200,4/9/2020
PEG,Public Service Enterprise Group Inc,52.95,2.09,4.11%,51.56,54.16,51.54,3819200,4/9/2020
PEGA,Pegasystems Inc,75.88,1.34,1.80%,75.92,77.15,74.59,528300,4/9/2020
PEN,Penumbra Inc,162.8,1.88,1.17%,164.13,164.98,160,291300,4/9/2020
PEP,Pepsico Inc,133.63,1.02,0.77%,132.09,135.08,131.51,5502500,4/9/2020
PFE,Pfizer Inc,35.39,0.79,2.28%,35.03,35.77,34.85,29141299,4/9/2020
PFG,Principal Financial Group Inc,32.6,2.16,7.10%,31.85,34.5,31.35,2436500,4/9/2020
PFPT,Proofpoint Inc,116.69,2.35,2.06%,114.73,118.6,113.78,630600,4/9/2020
PG,Procter & Gamble Company,114.66,-0.44,-0.38%,115.26,118.65,114.2,12748601,4/9/2020
PGR,Progressive Corp,80.39,2.58,3.32%,78.91,80.76,78.12,4811800,4/9/2020
PGRE,Paramount Group Inc,10.01,0.5,5.26%,9.83,10.38,9.6,2280000,4/9/2020
PH,Parker-Hannifin Corp,145.17,3.78,2.67%,145.27,148.83,141.44,1448100,4/9/2020
PHM,Pultegroup,26.34,0.82,3.21%,26.83,27.89,25.89,4015500,4/9/2020
PII,Polaris Industries Inc,56,3.11,5.88%,55.55,57.95,54.59,1922400,4/9/2020
PINC,Premier Inc Cl A,32.6,-2.16,-6.21%,34.76,34.76,32.31,1090900,4/9/2020
PK,Park Hotels & Resorts Inc,8.25,0.27,3.38%,8.65,9.19,8.03,14503000,4/9/2020
PKG,Packaging Corp of America,90.46,2.62,2.98%,88.72,91.75,88.69,1152400,4/9/2020
PKI,Perkinelmer,78.34,0.46,0.59%,78.43,79.57,77.21,701100,4/9/2020
PLAN,Anaplan Inc,35.77,0.08,0.22%,36.05,37,35.32,3354200,4/9/2020
PLD,Prologis Inc,91.73,5.55,6.44%,87.9,92.54,87.01,8283801,4/9/2020
PLNT,Planet Fitness,55.59,3.53,6.78%,55.66,57.68,53.51,4121700,4/9/2020
PM,Philip Morris International Inc,75.34,0.68,0.91%,75.92,77.73,74.93,9281000,4/9/2020
PNC,PNC Bank,105.42,5.92,5.95%,101.57,106.77,101,4331500,4/9/2020
PNFP,Pinnacle Finl Ptnrs,44.84,3.35,8.07%,43.05,45.16,42.5,471200,4/9/2020
PNR,Pentair Ltd,32.84,0.15,0.46%,33.22,34.11,32.53,1394100,4/9/2020
PNW,Pinnacle West Capital Corp,82.23,3.36,4.26%,80.29,84.69,79.72,1634500,4/9/2020
PODD,Insulet Corp,182.94,7.07,4.02%,179.73,186.09,176.34,379200,4/9/2020
POOL,Pool Corp,199.47,0.36,0.18%,200.48,204.97,196.49,309400,4/9/2020
POST,Post Holdings Inc,92.41,3.32,3.73%,89.93,93.26,89.37,532600,4/9/2020
PPC,Pilgrim's Pride,19.21,0.47,2.51%,18.89,19.49,18.7,703300,4/9/2020
PPD,Ppd Inc,23.2,2.39,11.48%,21.39,23.84,21.1,2225200,4/9/2020
PPG,PPG Industries,97.17,3.82,4.09%,94.72,98.81,94.2,2184600,4/9/2020
PPL,PPL Corp,26.7,0.89,3.45%,26.26,27.76,26.1,7492200,4/9/2020
PRAH,Pra Health,89.13,4.72,5.59%,85.97,89.88,85.38,374200,4/9/2020
PRGO,Perrigo Company,50.45,1.6,3.28%,50.2,52.01,49.92,1374200,4/9/2020
PRI,Primerica Inc,102.14,4.63,4.75%,99.98,104.62,99.69,294500,4/9/2020
PRU,Prudential Financial Inc,58.7,3.68,6.69%,56.95,60.63,56.7,3738100,4/9/2020
PS,Pluralsight Inc Cl A,12.34,0.82,7.12%,11.9,12.83,11.89,2075700,4/9/2020
PSA,Public Storage,208.59,9.52,4.78%,200.56,209.52,200.29,1613200,4/9/2020
PSTG,Pure Storage Inc,12.79,0.21,1.67%,12.85,13.28,12.56,2511400,4/9/2020
PSX,Phillips 66,61.52,-2.18,-3.42%,67.11,67.44,59.4,5316700,4/9/2020
PTC,Ptc Inc,63.94,1.49,2.39%,63.77,65.28,62.49,884000,4/9/2020
PTEN,Patterson-Uti Energy,2.31,-0.01,-0.43%,2.4,2.87,2.1,9618300,4/9/2020
PVH,Phillips-Van Heusen Corp,49.51,1.62,3.38%,50,52.99,48.59,2632900,4/9/2020
PWR,Quanta Services,33.55,-0.25,-0.74%,34.18,34.97,32.74,2087900,4/9/2020
PXD,Pioneer Natural Resources Company,75.48,-4.81,-5.99%,83,84.12,72.58,4752500,4/9/2020
PYPL,Paypal Holdings,105.84,0.78,0.74%,105.63,108.7,104.78,10894900,4/9/2020
QCOM,Qualcomm Inc,71.58,-1.75,-2.39%,74.62,74.84,70,15465000,4/9/2020
QGEN,Qiagen N.V.,39.81,0.32,0.81%,39.79,39.93,39.05,2663600,4/9/2020
QRTEA,Qurate Retail Group,7.56,0.18,2.44%,7.52,8.26,7.4,7066300,4/9/2020
QRVO,Qorvo Inc,83.11,-3.91,-4.49%,88.26,88.56,82.02,2357000,4/9/2020
R,Ryder System,31.29,2.46,8.53%,29.31,31.8,29.31,1687900,4/9/2020
RBC,Regal-Beloit Corp,71.11,0.57,0.81%,71.67,73.65,70.03,140500,4/9/2020
RCL,Royal Caribbean Cruises Ltd,40.22,2.66,7.08%,40.82,45.12,36.76,46354301,4/9/2020
RE,Everest Re Group,212.3,14.5,7.33%,200.39,212.8,200.01,330800,4/9/2020
REG,Regency Centers Corp,44.12,3.23,7.90%,42.31,45.58,42.21,2800000,4/9/2020
REGN,Regeneron Pharmaceuticals,512.96,0.63,0.12%,510.1,515.64,500.87,1011900,4/9/2020
REYN,Reynolds Consumer Products Inc,29.9,-0.08,-0.27%,30.35,30.62,29.45,756100,4/9/2020
REZI,Resideo Technologies Inc,5.57,0.34,6.50%,5.39,5.98,5.3,1468800,4/9/2020
RF,Regions Financial Corp,11.01,0.9,8.90%,10.5,11.22,10.46,16772801,4/9/2020
RGA,Reinsurance Group of America Inc,112,7.91,7.60%,106.84,114.62,106.84,905800,4/9/2020
RGLD,Royal Gold Inc,105.04,10.15,10.70%,96.41,105.38,96.41,934200,4/9/2020
RHI,Robert Half International Inc,43.28,1.88,4.54%,42.37,43.96,41.88,1653600,4/9/2020
RIG,Transocean Inc,1.44,0.16,12.50%,1.43,1.75,1.31,68746305,4/9/2020
RJF,Raymond James Financial,69.44,2.84,4.26%,68.01,70.21,67.61,1606500,4/9/2020
RL,Ralph Lauren Corp,80.41,4.25,5.58%,78.18,82.67,78.16,1020900,4/9/2020
RMD,Resmed Inc,159.82,4.66,3.00%,150.49,160.62,149.7,936600,4/9/2020
RNG,Ringcentral Inc,205.14,-12.38,-5.69%,219.87,221.8,200.3,1903900,4/9/2020
RNR,Renaissancere Holdings Ltd,164.74,5.75,3.62%,161.37,167.2,160.01,288800,4/9/2020
ROK,Rockwell Automation Inc,167.64,-0.16,-0.10%,170.36,174,161.84,1240500,4/9/2020
ROKU,Roku Inc,92.45,4.64,5.28%,90.1,94.1,89.13,7271700,4/9/2020
ROL,Rollins Inc,36.02,0.11,0.31%,35.95,36.45,35.77,1575300,4/9/2020
ROP,Roper Industries,315.45,-2.63,-0.83%,319.35,327.59,314.29,605500,4/9/2020
ROST,Ross Stores Inc,88.74,-0.31,-0.35%,90.38,92.64,87.89,2693900,4/9/2020
RP,Realpage Inc,56.15,1.78,3.27%,55.24,56.58,54.74,831000,4/9/2020
RPAI,Retail Properties of America,5.49,0.15,2.81%,5.6,6.01,5.26,4138500,4/9/2020
RPM,RPM International Inc,65.81,1.04,1.61%,65.82,69.14,65.27,1170500,4/9/2020
RRC,Range Resources Corp,3.75,0.02,0.54%,3.76,4.3,3.42,16365700,4/9/2020
RS,Reliance Steel & Aluminum Company,89.84,2.13,2.43%,90,92.6,89,408000,4/9/2020
RSG,Republic Services,81.82,3.58,4.58%,78.92,82.92,78.92,1667800,4/9/2020
RTX,Raytheon Technologies Corp.,64.71,2.09,3.34%,67,68.1,63.51,24741498,4/9/2020
RYN,Rayonier Inc REIT,26.14,0.32,1.24%,26.55,27.63,25.81,880000,4/9/2020
SABR,Sabre Corp,7,0.73,11.64%,6.59,7.47,6.59,13120500,4/9/2020
SAGE,Sage Therapeutic Com,29.03,-0.98,-3.27%,30.71,31.07,28.95,1631700,4/9/2020
SATS,Echostar Corp,32.37,-0.49,-1.49%,33.39,33.88,32.23,367400,4/9/2020
SBAC,SBA Communications,305.81,3.75,1.24%,304.9,314.84,297.77,1386200,4/9/2020
SBGI,Sinclair Brdcst A,15.45,-0.17,-1.09%,16.52,17.2,15.29,2115900,4/9/2020
SBNY,Signature Bank,90.23,8.77,10.77%,85.07,91.17,83.66,1127300,4/9/2020
SBUX,Starbucks Corp,73.88,2.31,3.23%,71.2,74.25,70.14,19769500,4/9/2020
SC,Santander Consumer USA Holdings,16.52,1.56,10.43%,15.7,16.92,15.51,1345800,4/9/2020
SCCO,Southern Peru Copper Corp,31.12,0.94,3.11%,30.78,31.79,30.43,909700,4/9/2020
SCHW,The Charles Schwab Corp,36.54,0.05,0.14%,37.21,37.94,36.11,12362300,4/9/2020
SCI,Service Corp International,40.51,0.63,1.58%,40.94,41.73,40.15,1225500,4/9/2020
SEB,Seaboard Corp,3348.09,318.11,10.50%,3040,3348.09,2950,1300,4/9/2020
SEE,Sealed Air Corp,30.8,2.21,7.73%,29.02,31.43,29.02,2235900,4/9/2020
SEIC,Sei Investments Company,50.93,-0.07,-0.14%,51.94,52.98,50.4,776600,4/9/2020
SERV,Servicemaster Global Holdings,27,1.36,5.30%,26.45,27.78,26.02,2085700,4/9/2020
SFM,Sprouts Farmers Mark,19,-0.23,-1.20%,19.24,19.65,18.86,2183700,4/9/2020
SGEN,Seattle Genetics Inc,120.32,0.64,0.53%,119,121.59,117.99,805900,4/9/2020
SHW,Sherwin-Williams Company,492.15,3.84,0.79%,498.25,518.17,487.65,1064600,4/9/2020
SIRI,Sirius XM Holdings,5.25,0.08,1.55%,5.24,5.38,5.15,21788400,4/9/2020
SITC,Site Centers Corp,6.42,0.3,4.90%,6.4,7.05,6.19,3576400,4/9/2020
SIVB,Svb Financial Group,185.69,17.11,10.15%,173.65,186.84,173.24,795700,4/9/2020
SIX,Six Flags Entertainment Corp,16.14,1.85,12.95%,16,17.49,15.6,7176300,4/9/2020
SJM,J.M. Smucker Company,112.75,-1.38,-1.21%,113.33,115.65,112.44,1184400,4/9/2020
SKX,Skechers U.S.A.,26.4,0.67,2.60%,26.45,27.2,26.02,2038000,4/9/2020
SLB,Schlumberger N.V.,16.47,-0.81,-4.69%,18.38,18.6,15.88,25107400,4/9/2020
SLG,SL Green Realty Corp,54.17,5.45,11.19%,50.11,56.35,49.91,2538800,4/9/2020
SLGN,Silgan Holdings,31.54,0.39,1.25%,31.21,32.66,31.21,573200,4/9/2020
SLM,SLM Corp,7.19,0.16,2.28%,7.3,7.54,7.11,4355100,4/9/2020
SMAR,Smartsheet Inc Cl A,44.63,-0.23,-0.51%,44.85,47.4,44,1641800,4/9/2020
SMG,Scotts Miracle-Gro Company,111.31,6.76,6.47%,106.83,112.18,105.02,447600,4/9/2020
SNA,Snap-On Inc,122.12,5.7,4.90%,118.74,124.43,118.54,718100,4/9/2020
SNDR,Schneider National Inc,20.25,0.42,2.12%,20,20.48,19.85,740000,4/9/2020
SNPS,Synopsys Inc,136.58,-2.27,-1.63%,139.68,141.03,136.1,1104300,4/9/2020
SNV,Synovus Financial Corp,20.03,1.59,8.62%,19.45,20.34,19.08,4858000,4/9/2020
SNX,Synnex Corp,85.4,3.06,3.72%,84.76,88.57,83.44,455900,4/9/2020
SO,Southern Company,60.33,2.15,3.70%,58.91,61.86,58.81,7530900,4/9/2020
SON,Sonoco Products Company,50.53,1.35,2.75%,49.72,51.76,49.72,604500,4/9/2020
SPB,Spectrum Brands Holdings Inc,39.91,1.48,3.85%,39.64,40.5,39.3,988600,4/9/2020
SPG,Simon Property Group,68.17,5.26,8.36%,66,74.17,65.91,9096199,4/9/2020
SPGI,S&P Global Inc,283.55,22.04,8.43%,262.95,284.88,262.95,2740500,4/9/2020
SPLK,Splunk Inc,123.13,-1.92,-1.54%,125.99,128.4,120.58,2298700,4/9/2020
SPOT,Spotify Technology S.A.,131.86,5.82,4.62%,127.62,134.76,126.5,1226300,4/9/2020
SPR,Spirit Aerosystems Holdings,22.58,1.28,6.01%,23.43,25.32,22.44,4816800,4/9/2020
SQ,Square,59.21,2.17,3.80%,58.88,64.94,58.5,30870799,4/9/2020
SRC,Spirit Realty Capital Inc,30.63,2.79,10.02%,29.5,31.97,29,1453900,4/9/2020
SRCL,Stericycle Inc,50.72,2.79,5.82%,48.72,51.42,47.68,923800,4/9/2020
SRE,Sempra Energy,130.53,8.48,6.95%,122.98,133.14,122.09,2161500,4/9/2020
SRPT,Sarepta Therapeutics,108.75,4.88,4.70%,104.5,109.15,103.93,921700,4/9/2020
SSNC,SS&C Technologies,49.51,2.02,4.25%,48.16,51.19,48.16,2694200,4/9/2020
ST,Sensata Technologies Holding N.V.,34.28,1.7,5.22%,33.23,35.16,33.23,1459000,4/9/2020
STAY,Extended Stay America Inc,9,0.75,9.09%,8.54,9.13,8.54,6465000,4/9/2020
STE,Steris Corp,152.69,3.44,2.30%,149.15,153.73,147.86,669400,4/9/2020
STL,Sterling Bancorp,12.05,1,9.05%,11.63,12.18,11.34,2168600,4/9/2020
STLD,Steel Dynamics Inc,23.96,0.46,1.96%,24.2,24.66,23.56,1666800,4/9/2020
STOR,Store Capital Corpstore Capital,18.43,1.83,11.02%,17.74,20.87,17.36,13946699,4/9/2020
STT,State Street Corp,60.95,2.39,4.08%,59.91,62.51,59.63,2773300,4/9/2020
STWD,Starwood Property Trust,13.73,1.14,9.05%,13.99,15.65,13.73,10524199,4/9/2020
STZ,Constellation Brands Inc,166.24,8.47,5.37%,162.64,167.75,161.11,2346700,4/9/2020
SUI,Sun Communities,133.23,9,7.24%,125.53,138.33,125.53,663600,4/9/2020
SVC,Service Properties Trust,6.61,0.92,16.17%,6,7.69,5.98,4721700,4/9/2020
SWCH,Switch Inc,15.79,0.79,5.27%,15.1,15.94,15.05,1628200,4/9/2020
SWI,Solarwinds Corp,17.07,0.57,3.45%,16.85,17.42,15.89,1186800,4/9/2020
SWK,Stanley Black & Decker Inc,119.37,4.99,4.36%,116.76,120.52,115.54,2865500,4/9/2020
SWKS,Skyworks Solutions,89.95,-3.05,-3.28%,94.85,95.3,88.79,2804300,4/9/2020
SYF,Synchrony Financial,17.62,0.8,4.76%,17.84,18.92,17.34,13614001,4/9/2020
SYK,Stryker Corp,182.72,6.29,3.57%,176.5,184.28,175.88,2572400,4/9/2020
SYY,Sysco Corp,49.59,2.34,4.95%,49.04,52.68,48.77,6393200,4/9/2020
T,AT&T Inc,30.73,0.84,2.81%,30,30.94,29.99,50332602,4/9/2020
TAP,Molson Coors Brewing Company,47.4,1.78,3.90%,45.87,48.24,45.71,2077600,4/9/2020
TCBI,Texas Capital Bncsh,29.27,3.37,13.01%,26.92,29.77,26.62,765800,4/9/2020
TCF,TCF Financial Corp,28.88,3.01,11.64%,26.81,29.05,26.08,1526000,4/9/2020
TCO,Taubman Centers,46.8,0.66,1.43%,46.7,47.51,46,1330600,4/9/2020
TDC,Teradata Corp,22.4,0.09,0.40%,22.57,23.05,21.96,914000,4/9/2020
TDG,Transdigm Group Inc,344.54,16.29,4.96%,340.41,373.46,335.22,1224000,4/9/2020
TDS,Telephone and Data Systems,18.14,0.11,0.61%,18.45,18.68,17.47,927100,4/9/2020
TDY,Teledyne Technologies Inc,327.92,-1.89,-0.57%,338.43,342.94,322.91,267500,4/9/2020
TEAM,Atlassian Cls A Ord,137.95,-2.73,-1.94%,142,143.92,135.81,2201400,4/9/2020
TECH,Bio-Techne Cp,192.69,-6.31,-3.17%,200.3,200.68,191.74,203700,4/9/2020
TER,Teradyne Inc,61.15,-1.63,-2.60%,63.61,64.89,60.44,2686500,4/9/2020
TFC,Truist Financial Corp.,36.11,3.41,10.43%,33.72,36.12,33.55,9661000,4/9/2020
TFSL,Tfs Financial Corp,13.5,0.3,2.27%,13.3,13.77,13.16,559200,4/9/2020
TFX,Teleflex Inc,325.56,3.98,1.24%,322.18,329.16,320.07,323100,4/9/2020
TGT,Target Corp,104.2,-0.43,-0.41%,102,104.83,101.5,7070500,4/9/2020
THG,The Hanover Insurance Group,98.58,3.47,3.65%,96.55,99.78,95.62,147500,4/9/2020
THO,Thor Industries,51.34,3.86,8.13%,49.21,51.8,48.64,1143300,4/9/2020
THS,Treehouse Foods,44.02,0.57,1.31%,44.42,44.94,43.74,1118400,4/9/2020
TIF,Tiffany & Company,127.95,-1.42,-1.10%,129.11,130,127.95,5298100,4/9/2020
TJX,TJX Companies,48.81,-0.3,-0.61%,50.08,51.24,48.37,11109800,4/9/2020
TKR,Timken Company,35.12,0.53,1.53%,35.84,36.75,34.25,588700,4/9/2020
TMO,Thermo Fisher Scientific Inc,317.38,10.23,3.33%,307.55,318.2,305.05,2445400,4/9/2020
TMUS,T-Mobile US,85.9,-0.95,-1.09%,86.88,87.75,84.93,5770900,4/9/2020
TOL,Toll Brothers Inc,23.75,0.78,3.40%,24,25.87,23.26,4414700,4/9/2020
TPR,Tapestry Inc,15.7,0.73,4.88%,15.65,16.66,15.1,7291400,4/9/2020
TPX,Tempur-Pedic International Inc,47.33,0.42,0.90%,48.99,52.79,45.87,1346200,4/9/2020
TREE,Lendingtree Inc,200.53,14.56,7.83%,192.11,214.96,190.31,312000,4/9/2020
TRGP,Targa Resources,8.61,0.62,7.76%,8.76,9.66,8.1,8643399,4/9/2020
TRIP,Tripadvisor Inc,18.34,0.92,5.28%,18.03,19.05,17.73,2709500,4/9/2020
TRMB,Trimble Navigation,34.46,1.22,3.67%,34.01,34.71,33.5,1271800,4/9/2020
TRN,Trinity Industries,17.39,-0.19,-1.08%,18.04,18.66,17.06,1227100,4/9/2020
TROW,T Rowe Price Group,105.16,-0.35,-0.33%,106.47,108.72,104.31,1772800,4/9/2020
TRU,Transunion,71.49,1.99,2.86%,70.49,72.93,69.84,1520800,4/9/2020
TRV,The Travelers Companies Inc,109.74,4.8,4.57%,106.34,111.7,105.75,1693400,4/9/2020
TSCO,Tractor Supply Company,88.23,-2.47,-2.72%,92.29,92.29,87.83,1986800,4/9/2020
TSLA,Tesla Inc,573,24.16,4.40%,562.09,575.18,557.11,13649999,4/9/2020
TSN,Tyson Foods,60.94,2.53,4.33%,59,61.64,59,2866200,4/9/2020
TT,Trane Technologies Plc,91.6,3.73,4.24%,89.7,94.31,89.23,1281600,4/9/2020
TTC,Toro Company,65.05,1.15,1.80%,64.87,65.63,63.78,1028300,4/9/2020
TTD,Trade Desk Inc,213.76,6.41,3.09%,217,225.61,207.27,2467600,4/9/2020
TTWO,Take-Two Interacti,119.4,0.3,0.25%,119.5,121.24,118.41,1949900,4/9/2020
TWLO,Twilio,95.34,3.61,3.94%,92.58,97.45,92.14,2926200,4/9/2020
TWO,Two Harbors Investments Corp,4.91,0.14,2.94%,5.42,6,4.53,25186199,4/9/2020
TWOU,2U Inc,22.51,0.78,3.59%,22.34,23.17,21.94,910400,4/9/2020
TWTR,Twitter Inc,27.77,-0.09,-0.32%,28.48,29.05,27.28,22233201,4/9/2020
TXN,Texas Instruments,107.69,-2.48,-2.25%,111,112.21,107.08,5902400,4/9/2020
TXT,Textron Inc,29.44,1.55,5.56%,28.62,30.13,28.1,2203600,4/9/2020
TYL,Tyler Technologies,311.99,3.06,0.99%,310.56,316.06,307.21,292200,4/9/2020
UA,Under Armour Inc Cl C,9.35,0.71,8.22%,8.97,9.55,8.92,3784400,4/9/2020
UAA,Under Armour,10.43,0.68,6.97%,10.12,10.75,10.07,5306300,4/9/2020
UAL,United Continental Holdings,31.5,3.99,14.50%,29.92,34.04,29.57,54118398,4/9/2020
UBER,Uber Technologies Inc,27.11,0.17,0.63%,27.88,28.89,26.46,36190199,4/9/2020
UDR,United Dominion Realty Trust,41.12,2.46,6.36%,39,41.88,39,3005000,4/9/2020
UFS,Domtar Corp,22.76,-0.06,-0.26%,23.36,24.46,22.22,760700,4/9/2020
UGI,Ugi Corp,30.04,1.19,4.12%,29.53,31,29.51,1522500,4/9/2020
UHAL,A M E R C O,277.84,15.9,6.07%,264.98,279.01,264.98,55300,4/9/2020
UHS,Universal Health Services,104.51,-2.48,-2.32%,108,110.58,103.47,775600,4/9/2020
UI,Ubiquiti Networks,156.71,-3.01,-1.88%,161.14,162.18,155.07,99600,4/9/2020
ULTA,Ulta Beauty Inc,202.48,1.91,0.95%,210,215.55,199.01,1470200,4/9/2020
UMPQ,Umpqua Holdings Corp,12.22,0.86,7.57%,11.69,12.28,11.55,1548000,4/9/2020
UNH,Unitedhealth Group Inc,264.13,-3.7,-1.38%,265,270.4,261.6,4925500,4/9/2020
UNM,Unumprovident Corp,15.58,0.37,2.43%,15.87,16.93,15.34,5661700,4/9/2020
UNP,Union Pacific Corp,148.73,-0.89,-0.59%,151.26,153.19,147.05,4535900,4/9/2020
UNVR,Univar Inc,13.11,0.97,7.99%,12.84,13.19,12.51,3044600,4/9/2020
UPS,United Parcel Service,98.69,-0.1,-0.10%,98.58,100.03,96.12,5588600,4/9/2020
URBN,Urban Outfitters Inc,18.66,1.23,7.06%,18.09,19.17,18.05,2506000,4/9/2020
URI,United Rentals,107.71,-3.93,-3.52%,113.12,114.84,103.65,2607900,4/9/2020
USB,U.S. Bancorp,38.05,2.4,6.73%,36.71,38.78,36.43,10117101,4/9/2020
USFD,US Foods Holding,18.54,0.46,2.54%,19.04,19.57,18.15,5147600,4/9/2020
USM,United States Cellular Corp,31.12,0.58,1.90%,30.83,31.33,29.62,231400,4/9/2020
UTHR,United Therapeutic,95.87,-0.72,-0.75%,97.11,98,95.19,454300,4/9/2020
V,Visa Inc,173.69,-1.25,-0.71%,176.27,177.19,172.85,12231700,4/9/2020
VAR,Varian Medical Systems,113.15,-2.08,-1.81%,111.73,116.47,111.62,829100,4/9/2020
VEEV,Veeva Systems Inc,162.11,1.62,1.01%,160.58,163.96,158.56,1292600,4/9/2020
VER,Vereit Inc,5.28,0.48,10.00%,5.06,5.63,5.01,29055201,4/9/2020
VFC,V.F. Corp,59.21,1.22,2.10%,59.44,60.47,58.16,3280800,4/9/2020
VIAC,Viacomcbs Inc. Cl B,16.56,0.76,4.84%,16.72,17.14,16.09,15991700,4/9/2020
VIACA,Viacomcbs Inc. Cl A,19.56,0.4,2.09%,19.97,20.52,18.93,204500,4/9/2020
VICI,Vici Properties Inc,17.16,1.24,7.79%,16.35,18.08,16.35,4932700,4/9/2020
VIRT,Virtu Financial Cm A,23.97,0.2,0.84%,23.87,24.1,23.44,1273200,4/9/2020
VLO,Valero Energy Corp,50.1,-1.5,-2.91%,53.8,53.88,48.34,7711600,4/9/2020
VMC,Vulcan Materials Company,113.1,0.13,0.12%,115.29,124.48,112.56,2769200,4/9/2020
VMI,Valmont Industries,113.06,2.48,2.24%,112.48,115.47,110,128400,4/9/2020
VMW,Vmware Inc,131.43,0.97,0.74%,132,134.65,129.84,1051000,4/9/2020
VNO,Vornado Realty Trust,43.48,3,7.41%,41.43,44.63,41.17,2965600,4/9/2020
VOYA,VOYA Financial Inc,45.65,2.05,4.70%,44.98,46.83,44.42,1788900,4/9/2020
VRSK,Verisk Analytics Inc,148.26,-0.44,-0.30%,149.64,152.64,147.23,1076700,4/9/2020
VRSN,Verisign Inc,196.07,2.87,1.49%,193.7,197.36,192.75,720400,4/9/2020
VRTX,Vertex Pharmaceutic,246.61,-3.05,-1.22%,252,252,243,2491800,4/9/2020
VSAT,Viasat Inc,44.69,1.62,3.76%,44.44,45.54,43.74,439200,4/9/2020
VST,Vistra Energy Corp,17.79,0.33,1.89%,17.78,18.69,17.42,3392700,4/9/2020
VTR,Ventas Inc,33.8,3.65,12.11%,32.75,36.44,32.52,9497300,4/9/2020
VVV,Valvoline Inc,14.1,0.4,2.92%,14.04,14.88,13.9,2213700,4/9/2020
VZ,Verizon Communications Inc,57.44,-0.36,-0.62%,56.91,58.1,56.88,19693900,4/9/2020
W,Wayfair Inc,76.85,-0.92,-1.18%,79.91,85.31,76.25,4575500,4/9/2020
WAB,Wabtec Corp,55.26,2.73,5.20%,53.79,56.17,53.51,1574700,4/9/2020
WAL,Western Alliance Bancorp,35.08,2.22,6.76%,34.31,35.83,33.88,1254100,4/9/2020
WAT,Waters Corp,195.93,-0.15,-0.08%,196.33,199.21,192.2,605900,4/9/2020
WBA,Walgreens Boots Alliance,43.98,0.89,2.07%,43.15,44.42,43.09,7114100,4/9/2020
WBC,Wabco Holdings Inc,134.71,0.41,0.31%,134.68,135,134.48,1115600,4/9/2020
WBS,Webster Financial Corp,26.67,1.35,5.33%,26.2,27.56,25.9,773600,4/9/2020
WCC,Wesco International,26.49,1.68,6.77%,25.99,27.76,25.43,1341900,4/9/2020
WDAY,Workday Inc,145.41,3.3,2.32%,145.45,148.85,143,2960400,4/9/2020
WDC,Western Digital Cp,45.05,-0.29,-0.64%,46.71,48.16,43.58,6497500,4/9/2020
WEC,Wisconsin Energy Corp,98.22,6.02,6.53%,92.9,98.78,92.61,2229500,4/9/2020
WELL,Welltower Inc,56.6,5.01,9.71%,54.09,58,53.98,7865400,4/9/2020
WEN,Wendys Company,16.97,0.93,5.80%,16.78,17.49,16.34,8392800,4/9/2020
WEX,Wex Inc,122.98,6.35,5.44%,122,129.94,119.36,1193900,4/9/2020
WFC,Wells Fargo & Company,33.2,2.92,9.64%,31.12,33.91,31.1,62520500,4/9/2020
WH,Wyndham Hotels & Resorts Inc,34.32,1.15,3.47%,34.45,36.25,33.47,1884700,4/9/2020
WHR,Whirlpool Corp,104.75,5.07,5.09%,102.22,106.9,101.93,1229600,4/9/2020
WLK,Westlake Chemical Corp,45.61,3.74,8.93%,43.97,47.19,42.79,1438000,4/9/2020
WLTW,Willis Towers WT,196.02,5.97,3.14%,191.07,196.85,189.18,824000,4/9/2020
WM,Waste Management,99.85,4.23,4.42%,96.55,101.96,96.53,3558100,4/9/2020
WMB,Williams Companies,16.59,1.25,8.15%,16.02,16.71,15.61,20871500,4/9/2020
WMT,Wal-Mart Stores,121.8,-0.04,-0.03%,118.22,122.87,117.66,10944300,4/9/2020
WPC,W.P. Carey & Co. Llc,70,7.65,12.27%,64.63,70.39,64.18,2299300,4/9/2020
WPX,Wpx Energy Inc,4.32,0.02,0.47%,4.78,4.93,4.01,19746400,4/9/2020
WRB,W.R. Berkley Corp,58.32,3.1,5.61%,56.07,58.94,56.07,687100,4/9/2020
WRI,Weingarten Realty Investors,17.74,1.88,11.85%,16.67,18.22,16.09,1992100,4/9/2020
WRK,Westrock Company,32.16,1.47,4.79%,31.22,32.86,31.15,3579400,4/9/2020
WSM,Williams-Sonoma,51.08,3.42,7.18%,49.4,52.98,48.73,3098000,4/9/2020
WSO,Watsco Inc,161.48,4.12,2.62%,159.22,162.54,157.04,245700,4/9/2020
WST,West Pharmaceutical Services,162.93,-1.86,-1.13%,164.79,166.39,159.1,380300,4/9/2020
WTFC,Wintrust Finl Corp,39.86,2.04,5.39%,39.72,41.3,38.57,1003300,4/9/2020
WTM,White Mountains Insurance Group,943.8,18.8,2.03%,942.25,947.67,899.42,18400,4/9/2020
WTRG,Essential Utilities Inc.,44.61,1.94,4.55%,43.73,44.95,43.42,830600,4/9/2020
WU,Western Union Company,20.19,-0.07,-0.35%,20.34,20.82,20.08,5953000,4/9/2020
WWD,Woodward Inc,68.22,1.98,2.99%,68.91,71.87,67.22,1185800,4/9/2020
WWE,World Wrestling Entertainment,37.42,1.15,3.17%,37,38.51,36.5,2329700,4/9/2020
WY,Weyerhaeuser Company,21.01,1.55,7.97%,20,21.27,20,7417200,4/9/2020
WYND,Wyndham Destinations Inc,23.1,0.41,1.81%,23.78,24.79,22.91,1992500,4/9/2020
WYNN,Wynn Resorts Ltd,70.65,1.58,2.29%,73.91,76.88,67.82,11008199,4/9/2020
X,United States Steel Corp,6.81,0.05,0.74%,7.1,7.3,6.74,20097100,4/9/2020
XEC,Cimarex Energy Company,17.96,-0.07,-0.39%,19.38,20.87,16.81,3292400,4/9/2020
XEL,XCEL Energy Inc,66.27,3.47,5.53%,62.62,66.64,62.61,4319300,4/9/2020
XLNX,Xilinx Inc,83.11,-1.39,-1.64%,85,86.35,81.94,3098000,4/9/2020
XOM,Exxon Mobil Corp,43.13,-0.72,-1.64%,45.46,46.71,41.74,60208000,4/9/2020
XPO,Xpo Logistics Inc,61.9,-2.11,-3.30%,67,70.22,60.2,2447600,4/9/2020
XRAY,Dentsply Sirona Inc,41.87,2.29,5.79%,39.82,42.15,39.28,3700300,4/9/2020
XRX,Xerox Corp,19.36,0.1,0.52%,19.83,20.56,19.1,3924900,4/9/2020
XYL,Xylem Inc,69.34,0.25,0.36%,69.68,70.49,68.74,1349900,4/9/2020
Y,Alleghany Corp,584.82,24.48,4.37%,560.39,602.14,560.39,63800,4/9/2020
YUM,Yum! Brands,80.37,5,6.63%,77.59,82.1,77,4199800,4/9/2020
YUMC,Yum China Holdings Inc,45.48,0.63,1.40%,44.77,46.29,44.29,1916800,4/9/2020
Z,Zillow Group Cl C,40.63,1.44,3.67%,40.55,42.57,39.77,4731700,4/9/2020
ZBH,Zimmer Biomet Holdings,110.36,-0.92,-0.83%,111.96,114.76,108.28,2060100,4/9/2020
ZBRA,Zebra Technologies,201.22,4.57,2.32%,198.83,202.49,197.17,529200,4/9/2020
ZEN,Zendesk Inc,68.71,1.75,2.61%,68.18,71.28,67.49,3062100,4/9/2020
ZG,Zillow Grp Inc Cl A,40.07,1.42,3.67%,40.18,41.72,39.23,1156300,4/9/2020
ZION,Zions Bancorp,31,1.56,5.28%,30,31.09,29.84,5445500,4/9/2020
ZNGA,Zynga Inc Cl A,6.91,0.13,1.92%,6.8,6.92,6.66,24780400,4/9/2020
ZS,Zscaler Inc,62.59,-2.34,-3.60%,64.18,66.42,62.02,4588700,4/9/2020
ZTS,Zoetis Inc Cl A,128.75,1.5,1.18%,126.55,131.15,126.44,1962300,4/9/2020
